DROP database IF EXISTS fair_beans;
CREATE DATABASE fair_beans;
USE fair_beans;


CREATE TABLE product(
	id smallint AUTO_INCREMENT PRIMARY KEY,
	name varchar(30) NOT NULL,
	category enum('Africa', 'Filtre',  'America', 'Asia & Pacific', 'Decaf', 'Blends', 'Espresso'),
	origin varchar(30),
	species varchar(30),
	roast enum('Light', 'Medium', 'Medium-Dark', 'Dark'),
	roaster varchar(30),
	price float,
	flavours varchar(50),
	imageUrl varchar(100)
	);

CREATE TABLE promotion(
	id smallint AUTO_INCREMENT PRIMARY KEY,
	discount smallint,
	attribute enum('category','roaster','roast'),
	selector varchar(50),
	description varchar(200)
	);

CREATE TABLE user(
	email varchar(50) PRIMARY KEY,
	password varchar(300)
	);

CREATE TABLE session(
	token varchar(50) PRIMARY KEY,
	email varchar(50),
	FOREIGN KEY(email) REFERENCES user(email) ON DELETE CASCADE
);

CREATE TABLE cart(
	email varchar(50),
	product_id smallint,
	quantity float,
	PRIMARY KEY(email, product_id),
	FOREIGN KEY(email) REFERENCES user(email) ON DELETE CASCADE,
	FOREIGN KEY(product_id) REFERENCES product(id) ON DELETE CASCADE
	);

CREATE TABLE command(
	id smallint AUTO_INCREMENT PRIMARY KEY,
	command_date date,
	email varchar(50),
	first_name varchar(30),
	last_name varchar(30),
	street varchar(70),
	city varchar(25),
	zipcode varchar(10),
	country varchar(20),
	FOREIGN KEY(email) REFERENCES user(email) ON DELETE SET NULL
	);

CREATE TABLE product_in_command(
	command_id smallint,
	product_id smallint,
	quantity float,
	PRIMARY KEY(command_id, product_id),
	FOREIGN KEY(command_id) REFERENCES command(id) ON DELETE CASCADE
	);

CREATE INDEX index_utilisateur_par_email
    ON user(email)
    USING HASH;
	
CREATE INDEX index_command_par_id
    ON product_in_command(command_id)
    USING HASH;

CREATE INDEX index_command_par_email
    ON command(email)
    USING HASH;

DELIMITER //
CREATE TRIGGER after_command_insert
    AFTER INSERT ON command
    FOR EACH ROW
BEGIN
	DECLARE n INT DEFAULT 0;
	DECLARE i INT DEFAULT 0;
	DECLARE temp_prod_id INT;
	DECLARE temp_qty INT;
	CREATE TEMPORARY TABLE product_to_delete_from_cart SELECT * FROM cart WHERE email = new.email;
	SELECT COUNT(*) FROM product_to_delete_from_cart INTO n;
	WHILE i<n DO
		SELECT product_id FROM product_to_delete_from_cart LIMIT i,1 INTO temp_prod_id;
		SELECT quantity FROM product_to_delete_from_cart LIMIT i,1 INTO temp_qty;
		INSERT INTO product_in_command(command_id, product_id, quantity) VALUE (new.id, temp_prod_id, temp_qty);
		SET i = i + 1;
	END WHILE;
	DELETE FROM cart WHERE email = new.email;
	DROP TEMPORARY TABLE product_to_delete_from_cart;
END//
DELIMITER ;

INSERT INTO product(id, name, category, origin, species, roast, roaster, price, flavours, imageUrl)
	VALUE
	(0, 'Ignacio Quintero', 'Filtre', 'Colombia', 'Calura, Typica, Tabi', 'Medium', 'Saint Henri', 40.95, 'Cherry, Creme Brulee', "https://i.imgur.com/KIwGnBN.jpg"),
	(0, 'Anna Maria Ortega', 'Filtre', 'Guatemala', 'Bourbon, Caturra', 'Medium', 'Saint Henri', 45.95, 'Tangerine, Nougat, Apricot', "https://i.imgur.com/ytdsoCj.jpg"),
	(0, 'MBeguka AA', 'Filtre', 'Kenya', 'SL-28, Ruiru 11', 'Light', 'Saint Henri', 36.95, 'Raspberry, Cassis Syrup, White Cranberry', "https://i.imgur.com/aODqRd7.jpg"),
	(0, 'Espresso Holy Cow', 'Espresso', 'Guatemala', 'Bourbon, Caturra', 'Medium', 'Saint Henri', 29.80, 'Fudge, Dark Cherry, Dulce de Leche', "https://i.imgur.com/fKkTDlF.jpg"),
	(0, 'Espresso Godshot', 'Espresso', 'Colombia, Ethiopia', 'Caturra, ColombiaIndigenes', 'Medium-Dark', 'Saint Henri', 27.50, 'Caramel, Pink Grapefruit, Nougat', "https://i.imgur.com/lBL4Pn9.jpg"),
	(0, 'Guji Uraga Samii', 'Filtre', 'Ethiopia', 'Indigenous', 'Light', 'Saint Henri', 42.95, 'Bergamote, Carambole, White flowers', "https://i.imgur.com/wm3NBB5.jpg"),
	(0, 'Cadefihuila', 'Decaf', 'Colombia', 'Caturra, Colombia, Castillo', 'Dark', 'Saint Henri', 38.95, 'Liquorice, Brown sugar, Nuts', "https://i.imgur.com/CXo1KUL.jpg"),
	(0, 'Espresso Colosseo', 'Espresso', 'Brazil', 'Red Catuai', 'Dark', 'Saint Henri', 32.50, 'Dark chocolate 90%, Roasted marshmallow', "https://i.imgur.com/Tr4UX4f.jpg"),
	(0, 'Norman Canales', 'Filtre', 'Nicaragua', 'Yellow Caturra, Red Bourbon', 'Medium-dark', 'Saint Henri', 40.95, 'Roasted nuts, Brown sugar, Pink pepper', "https://i.imgur.com/dWoTXGX.jpg"),
	(0, 'Oscar & Luis Monge', 'Filtre', 'Costa Rica', 'Catuai', 'Medium', 'Saint Henri', 40.95, 'Marmalade, Dried fig, Caramelized pecans', "https://i.imgur.com/qSlDZw7.jpg"),
	(0, 'Decaf Colombia Magdalena', 'Decaf', 'Colombia', 'Caturra, Castillo, Colombia', 'Medium', '49th Parallel', 38.45, 'Rasin, Almond, Pineapple', "https://i.imgur.com/OTMKfji.jpg"),
	(0, 'Decaf Swiss Water Process', 'Decaf', 'Varies', 'Varies', 'Dark', '49th Parallel', 34.45, 'Nuts, Carramel, Cocoa', "https://i.imgur.com/bUV2WoD.jpg"),
	(0, 'Blue Sky Espresso', 'Espresso', 'Varies', 'Varies', 'Dark', '49th Parallel', 21.04, 'Low Acidity, Bitter Chocolate, Intense', "https://i.imgur.com/J9rypEE.jpg"),
	(0, 'Longitude 123W Blend', 'Blends', 'Varies', 'Varies', 'Medium', '49th Parallel', 21.04, 'Dried Fruit, Nuts, Sweet', "https://i.imgur.com/PnatwoV.jpg"),
	(0, 'French Roast', 'Blends', 'Varies', 'Varies', 'Dark', '49th Parallel', 21.04, 'Powerful, Nutty, Caramel', "https://i.imgur.com/s8RpVwD.jpg"),
	(0, 'Stereo Seasonal' ,'Blends', 'Kenya, Honduras', 'Gakuyu-ini AA, Las Cabanas', 'Medium', 'Heart', 30.04, 'Plum, Molasses, Vanilla', "https://i.imgur.com/DJMPLQo.jpg"),
	(0, 'Ethiopia Halo', 'Africa', 'Ethiopia', 'Heirloom', 'Dark', 'Heart', 45.04, 'Honeysuckle, Jasmine, Sugarcane', "https://i.imgur.com/kjtsKsl.jpg"),
	(0, 'Kenya Tegu AA', 'Africa', 'Kenya', 'SL-28, SL-34, Ruicu 11', 'Dark', 'Heart', 42.85, 'Blackcurrant, Gooseberry, Mango', "https://i.imgur.com/bvSfegG.jpg"),
	(0, 'Colombia El Hato', 'Blends', 'Colombia', 'Castillo', 'Light', 'Heart', 47.95, 'Orange blossom, Marzipan, Persimmon', "https://i.imgur.com/PqN9LAZ.jpg"),
	(0, 'Colombia Decaf Platino', 'Decaf', 'Colombia', 'Caturra, Castillo', 'Medium', 'Heart', 34.95, 'Cocoa, Vanilla, Red grape', "https://i.imgur.com/3Y9dNmF.jpg"),
	(0, 'Ethiopia Jebat', 'Filtre', 'Ethiopia', 'Heirloom', 'Light', 'Heart', 39.95, 'Strawberry, Watermelon, Lilac', "https://i.imgur.com/o0fR4cI.jpg"),
	(0, 'Kenya Kiandu AB', 'Blends', 'Kenya', 'SL28, SL34', 'Light', 'Heart', 49.95, 'Redcurrant, Marmalade, Cream', "https://i.imgur.com/1zQmas3.jpg"),
	(0, 'Kenya Gachuiro AA', 'Blends', 'Kenya', 'Ruiru 11, SL28, SL34', 'Light', 'Heart', 40.95, 'Cranberry, Panela, Lychee', "https://i.imgur.com/B7hNyMT.jpg"),
	(0, 'Monument', 'Blends', 'Colombia, Guatemala, Tanzania', 'Bourbon, N39, Castillo', 'Dark', 'Pilot Coffee Roasters', 38.00, 'Molasse, Chocolate & Full Body', "https://i.imgur.com/scqAVe7.jpg"),
	(0, 'Sitio Bela Vista', 'America', 'Brazil', 'Yellow Catuai, Red Catuai', 'Light', 'Pilot Coffee Roasters', 39.95, 'Tofee, Pecan, Cream', "https://i.imgur.com/Yj6d6ds.jpg"),
	(0, 'Kiririma', 'Africa', 'Burundi', 'Bourbon, Jackson, Mibirizi', 'Medium', 'Pilot Coffee Roasters', 39.95, 'Black Cherry, Figs', "https://i.imgur.com/UDUqu1X.jpg"),
	(0, 'Keto Tapasi', 'Asia & Pacific', 'Papua New Guinea', 'Arusha, Typica, Bourbon', 'Light', 'Pilot Coffee Roasters', 39.95, 'Grapefruit, Melon', "https://i.imgur.com/9heCI8s.jpg"),
	(0, 'Catalyst', 'Decaf', 'Colombia', 'Castillo', 'Medium', 'Pilot Coffee Roasters', 36.95, 'Milk Chocolate, Caramel', "https://i.imgur.com/fg8bVjw.jpg"),
	(0, 'Metta Espresso', 'Blends', 'Sumatra', 'Bourbon, Castillo', 'Medium-Dark', 'Salt Spring Coffee', 29.95, 'Dark Chocolate, Cherries', "https://i.imgur.com/bp7U1rB.png"),
	(0, 'Sumatra', 'Asia & Pacific', 'Sumatra', 'Arusha', 'Dark', 'Salt Spring Coffee', 32.95, 'Earthy, Smoky', "https://i.imgur.com/X9UdMC5.png"),
	(0, 'Freanch Roast', 'Blends', 'America & Indonesia', 'Catuai', 'Dark', 'Salt Spring Coffee', 29.95, 'Caramel, Dark Chocolate', "https://i.imgur.com/zKfOqYy.png"),
	(0, 'Village Trade', 'Blends', 'America, Sumatra, Unganda', 'Bourbon, Castillo', 'Dark', 'Salt Spring Coffee', 28.95, 'Deep & Hearty', "https://i.imgur.com/MKpREdp.png"),
	(0, 'Peru', 'America', 'Peru', 'Yellow Catuai', 'Medium', 'Salt Spring Coffee', 32.95, 'Citrus, Apple', "https://i.imgur.com/THUA2YL.png");

INSERT INTO promotion(id, discount, attribute, selector, description)
	VALUE
	(0, 20, 'roaster', 'Saint Henri', '20% Discount on All Beans from Roaster Saint Henri'),
	(0, 15, 'category', 'Africa', 'Coffee from Africa Is 15% Off'),
	(0, 30, 'roast', 'Dark', '30% Off on Dark Roasts');

INSERT INTO user(email, password)
	VALUE
	('beasleyscott@ramos.com', '1da7a8fc42db9799c047eaca0c4ce7d42f34880a699e6d908e774f7aa5bdbd619ee136eb2edf079489948c36d586b699f64283777edaabdb2cf3e9721ed942113e8a10f299d04825ae9f6c3765853e1c20493b8268b3c2c9077a9c1f97dc8088'),
	('wwilliams@yahoo.com', '437ae80752a2090f581aee07509e7770c5cb652a1f10896b7ad4dab864c8fb1a216e82a420f62f729580bf2826b8965fc59fcf007bdc1f20ef7e409bc119cf40d22c629b44edcb040116f2536ab4ec46958cfe541f28c9371562c5413a4eb40b'),
	('johnsonmelissa@meyer.com', '07435bf1a0a0197cdc775689892d66bde9e36ba4b62d377a16d8534ae647e6ba7366cefaa38d5b2d8ca8d47985ab9b50b3b6d701a566e7c401390f6d60a5b59bd0ed2709ca988d17b2f5452f2ce4fb934f62e3e12c6679587faf20a5136a7110'),
	('kristen76@shaw.net', '64e3e690a7fd0c83d0156d8f454cf6376c772622a8d77ae23ae20eca0bee5f5ed094d8d3ddfdc2087c11dd1e1dd6118d79628ebef9db0d6b12783766fa9d297be3298ff1621b8f03fa7622ec2d63b5e41aabb944e28802ad17322728a0c52ea7'),
	('jacqueline33@dennis.com', '5e6a686c65d6dacbd2559d32cfd4d267902aff4df9b17fb3e840caa402901ccd5c18daf1bd6c54067114c4796280c78720d10a681bc944c5dbe9d886f2921c8cc9367af001c6c8a06881ee63c130179af74bf977b8dbf8aefbbb79d3e3db193c'),
	('pduke@hotmail.com', 'efc98481ef458ba656bf81ad9e2a523b89cb7831da9fe06540106a35d6da89a625ed2a97421114433e5811a7c735538bfd4e4674c57ad29b15ad1a33418d0962f3df46ba1871d64f5eec8e8b225f179cb4f3aa5032935a0a72c686d3f9c65330'),
	('qwilliams@gmail.com', 'de9d49c81b7cd1680785e059f0aebc190c35191292d6559ef85f28e5be132f2eae50899566364bcab3ea9a81657f491e52bf3e75b29326b1fa071e74dc5750d3565786c3ac4b5c36f6a7ca84232b5128147f62209a11a0008e31722215deffd4'),
	('ttaylor@gmail.com', '44ad2263102e45889be45846278e454b129654d9b77c37bd7b174e3d9cde45f6e25725a98a39079d22901c37f55fa5ccb567cc290a9adada0bad6b4bea3a769050ba6720508108ae249e65d4004c86975c42b11f3169e665b1089578a8aaa664'),
	('jack09@patrick.com', 'acd7d6603b15ae8973b0c018b39bd11abccd6a47aab7d60a1a926e2ed41dde92e4f20da542e12cf8f6dc3b61b5905c71b97c2d2f74283c330876f53f61c95755ac92a98efd2e08965a110dd4d80d9be82300915bce7e7c7b71311eeb5cd1b378'),
	('christianingram@estes.com', 'd32e0b862ec9a2299a7bb58cde4f8e683f3bf711f630bc273dbb00fdedbfded9163fcb493140a18c89eba7813dbc71fa8b6935fc06f1d7f6ebb3e99be57606a9d46fdbf2c6249d5cc7cdb07962e252734134aa0dbe626decbfc9446b9ce149ae'),
	('freed@gmail.com', '4b3d90e7f7d13c50b66a411c6d2ceb7e43c0eb155ea105e7b1332c5bb9416f087c6051b50170a26a0378e94881286715381f2e2f38d4303eaf7dec8d0d39ccc4cdf4ac36440c757811b118da61e5ab9cababb35375f81ad05fa025413837ef68'),
	('daniel15@sanchez.org', '71b0e7c2e0b63f9f68e17cc95a55f5f9e4c1595c26667ee643575cf6c47c9531a46dbf062f9ebb655bf5c411d7afb269f3e6a62de184544cd8ef3241289560d381adeba4b6c3f7be104a2228f24c6bfdb30ac88197794b0bb34aab5b1e541170'),
	('webermelissa@gmail.com', '561898320dd32cea3f24f447a424034b35ba3bcac04f8b1ca31a800cac98fa5db6dbe94ed3f872666d6bdaab6935e421cd073cce43e6ac5185a67144be7f9229dbb5195d33f62f422ea058856c65b5f22a0442e0c934d00a15fc401d146c01f8'),
	('curtiscox@gmail.com', '4c904c1532243c1323f19b1cb0962fc739a29a8a153ff72242d4d7e0ddb49bcfe84d5355b5318a352c8aef0a986943b2744491997a32b8bd8e31d9db54961b0d9c5a41af5e9f59b1aa389c371e216ddc36d046e7ddbd1c6b9076cdb8770f52c1'),
	('tonygilmore@herman.net', 'd5a75432be45a0961c1c6c01ef62e8572bcace61e882d43149b95dc062c67dd1224c950c036ce45e9afd7077beee9110c8a4d38275eefcaf86921040c1d95d54fe955c7e2464d628583c9174cf6badf78eddfb8adaa174d743b39b1fa0ed5d68'),
	('michael41@gmail.com', 'b9354ee391d3abe451ad07948dab75bfd1c079c492bc6871c5d645c2246a74b11cdd690df0a5e5b352b0c124e4bcdd56498b1b4afd124489911d3a4ed21018408226ef6950b897a0b66307898aca7297007ecfcf7fcb72009677843fdfab7f68'),
	('brenda48@hotmail.com', '7140d60962816e180e35e30b4073733edeb30128d4f3adc186ae9c8597a1f8f7b292051e948ac795920df13a1051592c9310f6141767cfe7e14533e7795bbb2b07e70d8c371a306fed16369c1ab14331879de687027772e57a395c14153029f8'),
	('fernandowalker@yahoo.com', '6915c23e2f00c660134a5c4b705b784c54adc560f848c476ca17d09f42fd0742a353fb90bea42c21c1392487a22356dd37614705ae8b93960b02031d652edb6265e1656a44830b0909b3ccef623b01c6038083bfb6ddabe45207eca42650a9c2'),
	('michaelhall@castillo.com', 'f25990779175d774422f60dfa97310eeb3d37c8e683887d4b196f2f039eb5704253a7b04e0e73c4546398cb0d91636a56596144df65a483f741bece06f40d7c152c7b165d7e7743f808868a5fc3758516728f9134168769da7f7087f142aa87b'),
	('maureencooper@duffy.com', '74ef5685cbf98a05c8ec3fa9dfcdff05cfd99fb2d1fe2d47c11e9a86fb2d28e849cba6e34e8e2bc6aae058e6a2e8083ceb4670d51c1e6cec49e5bbadd4d8a1e9beb121558ae54a74720aead998299fadb4d463f272044d7aa2c2490f43e106d2'),
	('jthompson@yahoo.com', 'e2f64fa5b27ba3ad431aa2d338019f28d34f1de8512bc6e36187116c033a1337981d7ea63fc13e907505abc198168c266d599658a4d820b85ba04dd02df3b487644710568a839cfaa07e34243f3789735c4fc4e0cbff6654a9cd6fdaa2c68f26'),
	('jasoncastaneda@griffith.com', '0fc25f14a84d27905817d05d996b5e993171f4b890ce8c0e4e1b98f1e375449c2f84a9fb87bd33a295564ec6f35362502fc85118a79c6a3b3c55b0d589547c59838d34ad7912a795ee35c68709a7a30d539cd58eb4517140210807700bc48748'),
	('stephanie75@hotmail.com', '62dd1103b593bef2513e84d4bb37a4f10be4cd3fb12ff1aa400297be45476adf3e938ac27db63ebccfafd2bfb940df29f700f81f00023928296ae2bbe76e28c6ba979e9fc7105e7abdef0461ab7e19048fe644330620927e0784fa2daef4c865'),
	('yhall@payne-jackson.biz', 'b339cda36f36ead4b1b5cfd0582563cd3870849c9ac82f0df987cd66b5437b34af36a49399024368d27301efeadc4d901c44df9c329851b73b9264f32b51c2d4cc7a8307570bb8be7cdfb40de4b26269bce9f7b2ff4ffa8841c9815790c02d53'),
	('kathrynhartman@yahoo.com', '4c7b4e415c0f78bc4b430cf2ce139a3cc4bf5454c41cbf618d29d8cebaec7776ba510de99def2f861a24764ee14ac0119b4d8b96f7c83c03795a11e73df394df1339398a7547702e564892b512609d457085f5682f170f9d3c12e7b2aea8a545'),
	('patricksullivan@hotmail.com', '6b23c1e20107d1349a511b28df518995a27b252a937390588ce0df9ae0b6dd594ce1914c25655b9167f17a084f3f864adfa38ff2c973b2a5122677ba4dd0dfb5449a45c1d800c5ad1956ff55435275ec83b91ed03ba58efbf5b9d3bf5f29008a'),
	('stacy35@hotmail.com', '9f90ec693c15bc69f2a88a78709d1a3ad062c9ca9f0be208277f90988c4f2efa2e8db01cce2ada71f14be23b63a3530dfa56c2144add0173a2eea065a28753b7cbadad059156357dd2bbcb39047f0d96b8ad6dac999dcb5a5aa4d0dfee147280'),
	('dunnsarah@yahoo.com', '6b454f03b3839a3e3288b677b478d79a0bb2cdae79311b7b16f73eeb54fb0cb68535e8431b8850d98b1fb1cae8bd08afe18cffa969816e87f372b9e1ec09f908abd33ed715bfa18062197e5604dd32f25781aea11aaf074012d4e67c2c61ab78'),
	('johnsondillon@gmail.com', 'a017c083f56c870d7c8877d98a9f42cea820f21c284d7e4a2b76159186b4a6c98da62dc637f6db3558441466e3f500b2842d8419981874048fe77765a092bf2020d11107044ff9eb8d5abe6e51a4540a5f9ca807fd722e3f49ed2294b611aa7c'),
	('bryan34@yahoo.com', '084f0ca5e0a4d5019fee6bb0b9b98179dfc771e25b31e3206fc90b00923849f6e993c78ee62a12a2553dc22916171d24f9a08431d46a815d4ded81a8bc894512d8820ee8b951bdbe316c03a9076cf3a7eb0d1f41d4b445562fd557f3c75f2814'),
	('hooperjennifer@myers-valdez.com', 'aa8b94e4d0f6f1f09246540b1cbeb90f112b4dd04943519b1c6089d19b7c5cff24b3f5e99e6ca3babf7053fdeb9be1bc2cb1bf06c485a61a12b52f4bab0f16f09ebec9225036033a3c51fe3112091d00cb663295dd7e98f4b343e3afd99580e9'),
	('daniellestewart@hatfield.net', 'cd6bdd279e91c22ac9580f5b3112d0b9fce10cee9c9aeb01a0b37f395091be89aae746c530a0d6901dbffe892294a6701f1dbdd8c0f89957565cee667a1848e32aa3d3515337cc919d076a9636acefe1f8010d1369f399c45f27f66a9196cff0'),
	('edwardsjames@hanson.org', '987b48be1d67fc87ac55030e628ca89edd59ae5b2a79f35506a7e7bd1e2608e8e7df22d304fb23c048057245c493d053436374ff073412227fcbf48bafd8d4e6cb6f23e31bf29e4b6b4900d08f5687189fc899680ed6f34ab1eb5344a80e2ffe'),
	('barrysilva@hotmail.com', '7c868eaa2d768ee7d2dca25550760f9ca3961d8420f1b3c16a4ad9944286c99b8b172403d2919c720264916207db34cc32cfb15b3f6a4655ad18d94cf7f0534a435cf961998c4b88f5d62fc64dc7f5fbbf710771d5c90b8fe56725743534c3d6'),
	('robertcampbell@hall.com', '99ab1eb2c7518ebf085067b4d9add5849db14bac5c95e32e022565b714052b8734c703bb34b23e799e4de9250b03e6770fc005abe6486cd537fc38e45556c31fff5253cb1cb65f0967e71b9f903c9a23eecb5a654b64ce3f8e70a24523331fcd'),
	('bakeralicia@jacobs.org', '8d2ab05858736bad7bb3d93082ce61eb91beb3b968359bda7c56455abeb1ee225b5a31b515300a07102e29b70412c3c7ee690eb089472d1eb14b993509fa39bc03202129be851722ff152e4149a913cd3578994b30559826a264f85df2e87a66'),
	('nicholereyes@mcdonald-drake.info', 'c6ebcf2ee72597e1e849bf57e6bcb421bd9571e2bbdbe832cf1f4292076419efaa6a3d4b4bc480b78d48ead58de1a8d9363dc69c341a0bc903f45fa116a9af61e52315405841bdfad8fcf003a9e30f75e7f2e85c2f41cf12e91af7cfada05337'),
	('flynnelizabeth@norton-hernandez.com', 'a866ea87fb600a3e8f7b1f9c3e031c60fabcb7092088979ddbfc678739fe09c4dd42009a24efa5724b8e4169a48efb934ee2a1c76b380c12f41bf8d9991086b0224d9c62ba8c9ee6a0faa86908c3e3f1f87b8ad23ee259de02f65fd1487a1fff'),
	('smithjames@rios-alvarez.net', 'dfc7d0ac8cf84fe999aa3e20a3306ca7556210e92a13ed79c1ef96f486dfceb719f22511d5e8112fd4cf715b02072c8b9da40e8c4aca8a2e4443faabd2322af1432f2cd99bd1d9381b4599ab3d70be6429e937d756a2ab8fcfddc33a643eb102'),
	('martin03@hotmail.com', 'b34a97420509affc054a5cb11d08db6559098fc746c80c9f93c624634badf8809fef1145a94589a00fec6fd22dfff27cc0f8f893222b4e28b79463afcc90a3ecb595a1dd4231566da51801607105e30ce6a6ddcbebae52ded991e880a09d3f61'),
	('rwagner@horton.com', '77a803f76865fe537b0dc5af2bd7e2401004f8021b3f6c76004a3fe88ea4a96833b646a7cfcfa8c0b56af18b0519b86b874130a75c0d1b674d41f21989626e86e4d3461b6c30d6dda67163c283cbb19437945a2172567c2e3e7303649d3b87e4'),
	('william05@lowery.com', '208866424f9d1c0b840ce3d6644e871a93e290e82da1db35cc4eeb2781ac822d980170d6e2a8e69a468f107d53b122102c6c0ebec5f33886f7d7be91b84024b31d3d41040d3fdfe217a5dcdcac0ffcddb88fb265a781db5088f487483d747941'),
	('jessicamurray@gmail.com', '07a54a686ad365d6a67b66409f1fa98a45432a0a3b89af82b11b869b8213f0fb9a7dc31f146e57f702005b26294fbdee664371fc350ba3053f173bf8f445fa18260a16ec1c8cdf75f053681bb91ab860c36b424c1268e1e3674384def2cade32'),
	('yclarke@yahoo.com', 'a9d4882503257bfdf2007415df26e60dad82a523788e7e6c1155247f6cff131222ba98d8ac1fe06bfb70f2ce90e3a494e0e5ab4076ac6f3edaf04ad03d2e72b4a3ca0d6bed8aa46acee8ddeac7d94e347d511d2efa049d62e353af3508c010f7'),
	('matthewstyler@hotmail.com', '9efc90bf29dd973493a3467635008e32f9089a915266e60383c25848b9e0008955d4305a5dcd3a0f4d863b8d89aaafea52f09a9141e5a1bcdc73bd65f9cb24cda612f020888a788b79636d95961f52f4cc8814b81acb42d4cb92bb2019f08fff'),
	('andersonlisa@hall.biz', 'a3e0d478f7354cf5edf50651460783193eb1be88e180c347177f38481b98673535aafcd74065f33d768ce2c45ade64a5c2642bb7dd563ff26f8e8479956bbb5adaf0422a15e79949bea6c58f7910a8ee5b375edd2024017414e9c220dcee68e3'),
	('edwinmooney@williams-frye.com', '971b866fa38a8fd0637b64d8ce0e39dca48806aee522fad062ef9d63af0d03d669b60040f304ebd9072b48def9b5cfd868700c8efa3ec9ae1c57a075d7c735f5c1f37c754eecfba3d71d4e7ae006462a7728f6222ba7fb855d72d9983b6b767d'),
	('zrodriguez@smith.info', '4985d8644d40720ee2cd76c8fd5fb90dd341eb22f69e0d4230f7e581cf0a5f253c1966d0a58416a9dfc6e336cfbdbaa96abb28be456409f0de61be74a4b46991633ad70af060cdc5ee25b213bd93983f85313de483d340140f4c34e1553795ab'),
	('ygolden@cervantes.com', '62ee8dc160626c24bc5e373c2c560d5ab21f54091f179f12bc9d97a80d96ef49e7cc85201e70653f8cb40e8b748fb59c35a1c1f15aa29ddd193d837409ce47431377250646e791fb48ed2cdbb867ba02d0b79ad41ada0323360b3243cb81e667'),
	('shelby26@stephenson.com', '0a3b28be598ce284005afd7256b6d5224eb334a9d15db18cbee4c4b74f38724c15e9dc2919a4b8c69a922696cfd222b2ef62bc0a8f90c25e2037ef42612ba6a75dc7c738da64a2f1ad930442e492fc96cc0fc9554a5a73fd4771a50eb731192f'),
	('dfernandez@hotmail.com', '00f04329cfda1b903593f47146bffac6cd74cd2e037714d9a4206b231d1e2a7f1e91f08ad537498760778535e463ca5e9401559e855f505ef28bf08318639247288ff5d0f229bfa08c9f79b413097a68cc811ce6d72d5f21a2ed511298110ebb'),
	('walvarez@hotmail.com', 'f6544e66fc19ca3526724d4c381b6fae17139078c445a8cd0ea2bb7fcefa8797edff6f9eed741458c149b1402e08c4a4fabbfac26722f338fd4e0f971152a8d1146587a069b51cb24743168050945b28ed53b4c44310a65c12d1f4014e42db24'),
	('cpatton@hotmail.com', 'bf720dcec2fa427c3be1bc07a79553f42d07ae256965eb2924698e2c1960aa07aaa4bd49495d6f765d816b742202aca17d968c7919c1ae12a531b48e2131cc1240c0413dbed7b038afd71d107a038b719f69dedd6f516e3cb6f202788ab6702a'),
	('sarah44@lopez.com', '1e63c0dfd56532069755d711b1df5e15c620e4b48365c7bd1e760caac91ea6526b06090e0110f6bc6709ff2c1c9f61ff9012775299b963dd765be54110dbaf41dc117e44231b2facac6c26eb374d04c1411cbb65e0fd82e2ba5db9d2d5fe95f7'),
	('zberger@casey.info', '3de8da622dea5af304edf8d9e6448aa3f521d14eaa5f0dbd9aeb62057a61cfd4b7248ab7f07ce820732dc6218962bb8fe7965382d45175f3f7e1677f03ccf2c3de9eece4a9341fe45970fe41159c48514724bf199713c78a91048be6333846a5'),
	('bakereric@duncan-brown.info', '9236fbb038d41fc25ea978d39d7a7fb5f12fec0b8e68aefa7fcab138af081bddae568b1085a5678e267b921a3cbbc17900075255f85d11d18d4485dc4e6d4a859ce125a723e4cfe7d84e8071d2e481b8343abbc280b723df4c80f98ae98ef9f2'),
	('amy98@hotmail.com', '05243bb16f6f0a9d0091ea35d143e57d268f4acbf3ff10ff9cf88c7e4a70506e1a153fa692d580e283917bb4b4e004e1009bc31e2c398233ed9e1985ad437210dd03d20c87528fdf40f18ddbd02106d187b1f10292e21171a51098cd7657cc08'),
	('jeffjones@johnson-gomez.com', '1d29367ce2d7e2e277082305cafc81a691127e795b9f96bb6d89ac699be6dc9a24cd57a41596c13f7c303112ccb556a97ab937346772e95e048e1593a480d8ff2aaec97d6464a8f4684fb8282ae636b9c75c31ed3610d6f5b762b1b2fc23caf9'),
	('uflynn@blair-freeman.com', '9d998f1e2d8efd888f66169ca95c3bf6f946434733573fcbf2e165a4bb1cec65dfd382fe94db2bb9a8c4fb763b0b00a0a1f64a4db415dd1010002aa60faa93f0b2bf83efb9f5d28e1dc779711ee6bd254d1376f866cae57f13f0dedf35983671'),
	('derrick15@yahoo.com', '7589edadffaa528206a89bfc29b8399c5c6bfa3013fa720e28a236ef70c3d2068f3692bdb9f6b22fb794e20396b4fe2b3bdf35fa2e3c147e8163b3c8df356f7efa830f81edf18b1a8d75f163597f2a9c090f7f737066a56c1adfef55a5a4140a'),
	('murillosheila@sellers-dunn.com', '35ddcd84f9f86d93961540cc4c26deaa1c4fae098ea2e3734c770ffa03aabe2e0100e2675af77bb7a075dce28ea5f713451815e2390718df49233ca935e44f164dc49a78540419b4495c16331b2c6defdf927aaf055213204ed619c242f0bc7c'),
	('youngnicole@yahoo.com', '629d05b075644d6eefe88dbccf1927d28daf4c164b5fe7352ec4844bb3743a83c97a6894a5874d8c02313fe7ec0ef72e7e63f72d647b3006e6355c8c9fc01ee7d9b07d57c3c961d14f107eb8ce8b9a799fa74137a14f54d87f0e123a31029d61'),
	('steven24@casey.org', '915f828cb05deeea2df09a5c1f5f08e13184ce906ef23430afd50dbae5265bdbedea751086b1699f37feaa4d51d83a4359accae08e503c3014b4d3e96922d3f6a2acd3ab977a1b12355b3465fee976a0c151c159530eb5158cb120f8e17376cc'),
	('charles91@sandoval.com', '9d06ceccda82b65be0e63ae794aa046dd012c7cab73a58ab10802436efd2cf2c407b309dcca8d425d05e13bae8e43f1a280deee55f285cd04f6e1ad1999e7f5d5c1f400c5661c0a7cabe3b100ce085f297ed8fc4ed9fae3b2a83e0cc0d066fbb'),
	('shelleydavis@gamble.info', '274374341e1460a786025853f8c5948a3d00c0d111048cebb24bc2a75586edfd4171f36748bf334a4e5566113b8f19fee3d88f41360498e8bb8bd36ab1d8b65a10f083f86baa21fbea5d70fe909fda6068ac89ec23247b28cab54f9f160fd641'),
	('icole@hotmail.com', '829107bbffb25de883701c2ae48c52efddeeef8cca522ecd0afcbac71d9e1d41b6d182a328cdc8da3bf973718bec690efbc2ff5f1b9e9ec6c479b0d41dfd4e962be03284b82608a2a2b878cfb33e49cc20ba834926dd3696c2631c34c672cc15'),
	('nicholas51@hotmail.com', 'c828440cf30765ecf8e482ae3c44653ca9ce4e12919a7425de48521c90da697855268a4b2fa808036286fb01665829ef3fc4a68e1cfba7db7044b6d8cbceb5a31506c58aa4b819a05e3294eda1310593504f498d1ca3e367a749d3d379445d76'),
	('dcunningham@holland.biz', '3e55c490f8b8bb9580b50328df7b8822faa8b7caec7fe8b5666606037e7a5e27c3c80effe05f53d6172ceadb89915cea2067a8e0348a49ecc991b25f22dba51f5db2db3d8d20d07e3e63a909639cd67beb4414b2760389eb7efacd659aa09840'),
	('zharrington@hotmail.com', '2a6d7e77efac35ccb5158203440f9ccfd356ee990e119ba7b3a2c4d9ff7880e3c30c641f45069c2ce264e579a6094dc74af413180ea6a14bb7c5f327e4c7cc7c407b03e1b7622d0599de509e82cc31b3003437422d427c0df648906d4b8e3df1'),
	('cheryl94@alexander-mcbride.biz', '40b4f2b2ed4b2c2ed49ff289b954768e1fabb1e94c2ece16036740edc77b2c07a8dca19901d06aefeb0bcf6a4dea8d48724f011cebee1d8f131880b6a8488e35730e9d50884c4965ada7424e64c180e5862ef0326078878264b5a6ce19a81c34'),
	('rmorgan@gmail.com', '45e9899f722ee3a4594590aa71e92230a363a5e88e8716f5e6f5a19dd45a9b52b9f155417f78f75a261498cd4f8956c2dcc7c1da6bfed980827ab359224a38517b13ab29a0576ba35bdfebbd1d0ffcd2bc41802a86112dc3598505307d2acfd3'),
	('alvarezwilliam@patterson.com', '207429cc53b7c76ee947927e7198662fc8028cc29df286b39b323ef518ec62ea43cd1cc2cff3bec1addc35ab123acefe9e71de998e3a8ba74bbce492364f71e2cac21965eafd66e423d6632bce0c3a9dbfd47922dc11d48b1cdcdaacf9428574'),
	('christinebarnes@conner.com', '5029f50868e1de1b12b0cb15cd5f6c8ba78a5605ddfa6adee75ba15ebaf414f157d7fb18051f529bfda52f071cc1035269211212d77d06084f623812cf773f90b7a526813977a8abd63a8e71408d27bafb0c3093edc49eb0108261db0be6d61a'),
	('johnwillis@simpson-rosario.com', 'e7083d155690ee6ac3db4ad1f629506258143fe9b468aaf2b5642ceaed337d7b3df6e35cda4a2cfa735e802767f907326f2089740bd3a00bb9b83079da29f847199ec2e47fe50ba47bad838a8ab0d23a2a10ef255b83b91690ee86667495a421'),
	('lbrown@miller.com', '770bc2f0e33b35c6cbf18f24f48d67ba6af2ab12804f7c3d9cdb390582ade2e7efd7f8f5f887a26e460114137660edf5e418a8bdaae85512a5d881406a13c92c2be92c47b98c77f68b83c95e1f9562712028bbab7678fdab0ce7b295c7f11e52'),
	('dawn32@yahoo.com', '8b4f51b726979fb45f5f951e9aa65203c2ded91fbc78ed6abd8f22c173743b49cf82a8384d042b9ff173ccfd72f78379ae095d64e6cd848dd63e9512d912b4b8a28baa8fcf06989109c8b2ff9da63b418e2a6f0f46b659a7309763c559c6df93'),
	('alexander26@hotmail.com', '620fc41d086f212456291368fd43d2ca9023866029a1ec15c6e1106ac0cef22cb5e7ea9227ab20d85cc75e4daff6a64b7c65eb4cfdd5da48c671cff268cee3ad299a8d0daf1e83aa8cb7c9f4a3e59ccfd3594863043ddf44ca72ce8df28c5948'),
	('rodneyperez@hotmail.com', '4017ffcdd63c765b61694027eed02ecc6d17daedb2fd3f8a233d8620dbcf88b0c2d61c14bd1c16556ad3579bdc9f3455882b79c2fc3e2f40b2922bdc8290854584ecf8207351d29c6249550c85a0e60494cd4113c04f3d5fb3acae5ae08b3cac'),
	('zachary08@hotmail.com', '5496d66671857add4ae131155a66cfd13f97fb439636aec3ce4ffdf1070403d45a9db544c13eb36ec0dcea7d272510d46c53c71decb2dff775f2ba4900343a303778229bcc9b209060ae59a06bc6cb6104b533d7f668553e9c1235825bc886b6'),
	('bishopmalik@yahoo.com', 'd570d16951f8f027771932f9b1afa84e952e163f67da8fbff6943d797d5c77a97da8c68e54a0e38313e9523eb6089d6ab73d460f52f33bf610c959d01e0abfdd42e2b45bd199e658f0f43a9219c24b81e6f7736a47b16e10b365bed7037c2647'),
	('elizabeth91@gonzalez-erickson.info', 'ae3fad038a29ac5c1fd748a4f664c9a97a0424fb692167fcda8bf98fbeb92be961b95ea289211431979efac0b21773ff753b52fa6d18863bc00f5c1df2a44417b5b033392d8979bc92db4bed3831b9081bd2d0f8f422182807c33567cb658cac'),
	('mclayton@yahoo.com', 'f4811fff769ad27cdb0e987bc5d08e1c00867f970a460cdfb4938d0d00c9fbd955049191a639f19ff44453c615ad954d7fa8ebd35fc2237f2f47e8b27f3b65e7ec85c505a3b30fdb03edcc129132d855ef49c74ed46835a0a88f6b92210f3660'),
	('faguilar@yahoo.com', 'c203ed59aabce8ba12efe4c59820151805edce2e801610455115427d927f6183c31b824d5b976c0cf6f1442cd296005351232e1252746469b0c7b407dfefd1f870cbb314f25b4b898c5ac684e1f9132497da5b674185964a2acb3c39abc2152e'),
	('bryanchang@stokes.org', 'd30f9e8592bf1c1b814f8e834416f4bcd27518e42d6659627e820f2b03fad03a58b817dc22c30cd3130819c763dfc470b6e5e39d63c8a2e78dbb41ad05992f849c97b8fd486ef109afb77441ad7763d0393472ddd91d7b69a0a6be16996dfccf'),
	('wwade@santiago.com', 'e9ffd082d0e97950b60b963e21cc6caed129f08005a6da51b32bc3e4805c41cc0c0532ba862189818145352554d79035440dbcced45a2b28bd57d0ea1498a8a237a4ddd75ee245e81f0a66c6ba62eca23730352ac5f22e625de8c99137e4c2ac'),
	('alicialopez@hotmail.com', '6b3598c98265faa91ca65ea0794c88f71a88b67e7cc796daebbfdeee7241bc024d536b30c550d75415bcd2c25cc97346416874598ffefaaeaec31d4ab9ee7fa9e79262d3131087a53dd97a52265a5ce2663c3dcc966e7bc78eae84e9dfe91f88'),
	('carly91@yahoo.com', 'd2f6e576677733dbbae2f85b3e3d1ca1adb4e0947cf654d1033972f4ac28e55694d3ea83b6ae470d1e1851d9ff5b8cc5314c15f512f63f219c9ca9ac1844453fa0d37be204c73eab2c5ab6cad7a639588a4c7ed249bc424c662c1de665e92d18'),
	('elopez@sherman.com', '3ce441e3347b0c8bf0e058c570b892bb76af4e30fd3fa1f77f8c884014f2f376e6f8afa10c92592866bd81252affc44db236b1b6c927a4ea83373359e51428f3d220f0b5756630c41583d0a77cf8eab40f0ca1cc039e1b3d9bcaf6241a454f34'),
	('rossrhonda@baker.com', '133ddedda69fbd6d3b00157a4d07f7de098a535b98c920fba1abb64786d17536ecd6df67860150537f268dd32ecad191efb90db0e2e542d1f96831d1d2492d60993541b5b8fa91412cde49a8f296f279367df103448c736210ef7b6b7dd8a886'),
	('ellengalloway@hotmail.com', '40f8f11eb0458a458699a8d1babe89991db98fc2e37a47dafae922f27e62b00f8f7de1ca2a1eccfbe0c904a026f82216f29e58dfb17efa0f7aab3e6f043de23b9acee1536a1929570d707a254b1549d9a07cbd8b6e02f8430cf648f59a99fe7c'),
	('ttorres@bentley-bell.com', '0355579665d582f4419b413a070d37ebbf5cb1c9676138f23e375e8be27d868478727c95d580e02be3bc4ce3dab6736d0f973e826d918e1a164434e1ea15691d46d9c156170c0a5c8458be541724684fa9bc6f37ea9efde7863afe39eb51e65f'),
	('zortiz@davis-hayden.org', '401a1ffbd054686d67a5f8c4a94d8d70702204d548623a4264fdba00acd313e59b558779b5c7750262484e86bc43f33ffe73acbc91ff3b0e02ccc48cf8aa97a3733caa7ad9ba4bd851f76e04fec922ba73df5e8089814ee473b8ca240a2bc64a'),
	('cunninghamerin@garcia.com', '3cb193430fa08c7e0d7255db2b579df5257367a74eb78ddec32f1066563f5e3cbeefee826255da4bfe6f9330565be4752c7e0b8df1910e75272169a9b6505fa0b2b16cc6a710f1d173230b2408a01d973a072c938696993b48dc8c29d542522e'),
	('zgibson@hotmail.com', '8175d64a629c403057872ee2cfa1c5b4ee2929c34c8d642398e81ff262d8ea61c8d0ce40e28eee48d08f90fd44e7750e07007e912daf47408d6b78fe1a047e1b7b81ba043e51c33c9151d10309b559480b74aa79b602143bb01992acc2c5f708'),
	('hramsey@jimenez-reyes.com', '67daa852d42a3f91033ddc0ef8f1f2f02120dd69b4373197af11cf1affb36edaf4e4a56496d8dd8a35c848bf55a87d669e4c0aca62c99250ffc51634fc680411ab993668594190fce27be8b9e84fcfb8221c3d0df70a31f38673d40e26b9bf67'),
	('ejones@gmail.com', '969e2fa317e0890114074d83992e65cc46df9ea7cbc7bba5fdd6a55c891af49ea160a74c16013a1634268ec2ad9af0ba153c31b63bd85178502167b2c9228ff729e032aec474db9c068833637408e11ce7f21170155b901675b0aed2465132a5'),
	('tiffanychung@gmail.com', 'bcad90acf446cda3873a8a19558a114ef1575a5c57c5e6033272a4bf86a8bd4219b4c3257b6d1a029b4f72106500c732606e6545b182957d4b004be11fa82ffd652b9cf21ccf8bb7838c69b0d8579a566319142b6822cd987f1e349c625efa2d'),
	('ffletcher@gmail.com', '52d858512b29a255d3e6f89ec3545265cf473b43d5be33f6739695c7ed2704256ad7098e51a2fc643eb2252cd361ccdc0be7d73f2b9d8168c29db27a4af73b5f2caeb234d910134321fcc414e2e58e6f608538231954d72c9cd4d69a659fbb09'),
	('ralph38@gmail.com', '60baa2879dab5192d5f3e547121f06438869584a11e95e69d3d17249101f8ca770c9db3464f3a116020a0df269bd03fb7e1ea2f78bc0bed45995ca3e8be2813c7cbc1f887529b7c17d42bf83f440366f630cbb67c3440ced25cb50afe3ab5e0d'),
	('bill76@yahoo.com', '1d5ed5e174d47e23ef808b103607cfa3037911f8bb801731d1b8f6951fffaa3963c527c147ec09b1351863edd7fb16a4c035b14c5aabe8dacc12326d590b65ad6407e8987cf1fa30edc0a47fbc80ead727c01461232ff5b38b74034bf47edf63'),
	('hfoster@johnson.com', 'a4c9343ce03ea50ce1940a6069d58a2b8227ea52efa63fd4c63e9193372a7510af6208aed2966351cac7280524589e4dde411d511f589b3dd03e476239ac8e65df59cc89446238926479d31e77f17f0a949503e7cd271b72249f3c243fc0b4b9'),
	('deborahmcbride@yahoo.com', '92354473b37a2e631f01952d19d860a82e30ab3f998d5ecbc627aaa8c39adc227e867ef714506e5af144ccadf3ada825ca0230bf74dd5877963de4f20922fe4bf51f34921bb93c1745fbff98de686511163e7ef821d82f296270f86728b78c02'),
	('vgarcia@shelton-morales.com', '4c8f0f1e684afeb7486bf9e643453ef394a455d59332c6caf21a97dec16b6ce532b21d43304fe88496ff3a5a435f85a31b8c5c51c2f33d0276ffc31ef4ccf87dc0f98bd9f27ada31f68be5ebdbe3a5cf29e249de9faa9f37128d7eda7758ae18'),
	('pruittalan@roy.com', '8f909c00b7bd1b5af171e8e010b4578c4d9313326ea8cde1107a7213ee09eb4d592645954c8e3a0f0248a3a29c48e808f367df33992438759b1b1a56937b73a66e632801052e4c5b57e96029b83f90fa4dbc5fc1ed772af9e849ede3fcac1d7e'),
	('michelle42@thompson.org', '3a2464aa1b5560cf0a9a008a65dfd93bafc910260e7add30df8bca023e9fe96af68d837ee66e5ff432ab1b44921e4eab4a0bd27c9fc34b376031f5d72f4f2c2bd05bd03e024ef252c7cfcc9560fa4d7fe4a629504bcd5e37182e1581b21230f6'),
	('donnabenjamin@curtis.com', 'aa3d57a347cab616278d1b36511b4f990bf36bee62b7e9958acf2c4cea98ce8b4519624c20fa92969df2fd62f09d07e03ff634ccce5329178d3691d2f87dc0728fe66dfd8c36757810b256bc2633495e095020c0f7fcb399e0e59f47c4448c01'),
	('ashley83@brown.com', '12f72b8cd9bf6fcbc70903dab901dda4b633799e65b7e0c161fe29a24a0655f26a66fca64f1593874ab7f111ca53219ae0720b254082c33ef788ede1245a088a0b2fd0691bbec6c718e2321b50f80607ae41a1a1c3cdbba69323e866594fb625'),
	('mrichardson@robertson.com', '9e9a992acdfc60bc5b29c9333495a648f729274e469ee59c8a2bc8b04b5d55b311ea0b00225b9d7e137e8165cb3714fffb71494c5ac65c7855edb417ba869c09922b9a4908e7970b41a41548dad226f08028450614a41ba7525e4188bf74c902'),
	('richard79@merritt.org', '36e565a468d317ba101d8f1dedb3d7ae074581b4a353affd4bcbafba9f7656c0d055fbd3b31e60314f1945428e14f873148519558004006224cc0cf02955a9c671406f8a229dc560663020d309d3b9bbb66311b924db008602f26e36d811e82d'),
	('myerskim@yahoo.com', '48047705cdc411192fb619ed13191aa43b7e753e11ad4b4e68dbaa57b6056d889d038cc2f5eaff8b6ecfb76e192a3304f19b26bfd8981d48210f392dbe78b429c1ff297fda493c9f2902ed2093330c7771b8b438ec76481f9106ad96df4b70fe'),
	('kellie82@sanders-sloan.com', 'f4af0ed84f936a428483bbfdcf25a9aecaed107c2bead4dc1baf9ed03f4d18bfd6c8767c9d0c0a95433a79ac1be84a2fc5121bef6a5e9e81b5918937a5a8eb6bb325e6c7275ce840bede563aeaab473957003cc5150e4096776bc26f6514687a'),
	('ericorozco@lopez.com', 'd0b4ce0ee79ba15f1190cd523cef162f9a4b32f1c1de80e702ed6c6ff9977fe7dde61bafe0f989914f39770820a82f6ebe36a4698360bb3f811259d69a183e48923c4cff3aee2e16696436235df31998535f70c13ed444b25d9b5d0aefc0ffb5'),
	('fhampton@daniel-lambert.biz', '670d172f861a9f9cdfac32b8bb442b8d85d33e1b79ea9683da734bb851ef7b270366f5e72727cbaf6538ef5a7ddaba461382c49c132f63440a38216657052ed4bdf67ef67438b1c84c6b616991c7e35c6e4c4598a2071f230e47936bce4eef2f'),
	('jennifer18@hotmail.com', 'fe38b8218392813d465a3aa4d64614f9338a21f908f84028baca3b6725bff957d3ee3c24419a9e98d6c099128d9b16094977a0b8f5ce0f7bba4cafa444bc61a92792bbc855ecd63adc5455020730da626ba9384491cd41537b4990d343dbb23f'),
	('ismith@gmail.com', '0f11856420cece72fe88d7893627346df54de2862e5b6e3569e41c8b8f573c70503751aacb1f99fc458bbf66f7c5eea5c0f8ee1e75b8b29fd810dd663e281ada78ffadd63f457d5842722c497dbeab5dff10e4209c81ab29e71b428986f0742e'),
	('cshelton@hotmail.com', '7802f20e7dae7d8bfe0b30ac3e6a4373d8c1e5f3540917120c4a89ec7b4dfaf0322f9585c02be25469dfb7632e30a23225a2a3a7bf85c5286f013e633a2ae855db4a4eea8af466ed136413a22f59cc3ac1227a192d2214d3e300f4adba4086fb'),
	('amysmith@gmail.com', '6473f6820873aa0df5ef56b67d974f20074ce062f0394425b3ae44159d293c271181f02686b10627ef56ddac6bbb53021a7bd37cd2af96ca6c7969ed340a0303d0192b7d73dc557970ef316cc35719af5bdbe2c49a6bce03c37229c1355ef7a6'),
	('garrisonjeanette@hall.com', '308702bc5bf04324751d230c7f9ceb6165625dbb08ba2915f3dcc5b6a232793f31208a969aee61394d0633926fa33ea75492121c27cb2d071153b2274cbd93e95e5d4fb5650c64ce8f638bf26ebe97f7932ced6e1e8f06551cf6712d1d3909af'),
	('chelsea39@larsen-tucker.net', '2a0bfa1f6c0202f91c3629bfb2a4a0febea9a1904e3bb0077927f945a0a77915beb075995d05428c1e46e2c0fc85b03febc3a8022988d063224c8ef8fa7d4e79f08807bb195b83c08e67d5d000d9239eb536c9334ce51db5fa94b1a29f8a8f93'),
	('qskinner@skinner.org', 'f76130fad9f6887aad0d605f90864ff130f5e93bb277497821bbdc702b2a5d95b596a1938ae6d608b93df08658f013de58a181e10bcfda389a5c9cd90a95b2231c270964d67da74873eb46a041d64fbc04d5a82687c6953c7c26d528b2a15163'),
	('carpenterroy@gomez-hester.org', 'cd76bde8fcc8ecdc064fbb394d60bfe354d4cc11d5cca71b9e8a72a8255ff5fa19ab6ece128192efb84c87c89c2076ad7dd6c8ff9b0879221db7b40be7ad83b4be1638cc18a0e561fb2ddb84d15307d912e4fc43e27d8c67ed4156cdc27b2d88'),
	('bonnie96@yahoo.com', 'bd838d0919573b9760cadcd7ce202066345465fb4f54a525184b453819908e2cc494129a28418ec766c08b2895163de265f897d721771c055c8e0e7b8c3a59fa8fcea645c8d4132307f344af8ef0541624544ecc7803bd2a7105806ee19a5f88'),
	('tbrandt@gmail.com', '801c9ac33e321b34cc769134334439d6cbab3a97fe08976128bc8374bf0c14247851d9d4e94336d2e4e94f3cd2ddaadc96e505ffb0e983a82a50fb50502b164c7af8502975e2767cf147365783610373a9d43b2316bec7f09c34e2f1cea1a73e'),
	('oruiz@yahoo.com', '36f5ad666fc6713dc4793efe54bbef98ac8323ad4c45f848a9e3ffb9d5710a6791a31ccc92b618365ed69cf15e5cf05373decb06f1744c1c3e0e3b3a7bc20f6e1095df6ae9b5ba6a5221be9077a0a4d9cce89fe1284fa7d540fb371db3f8e158'),
	('castrodana@nguyen.com', 'f0e0527fd0e01cb209ae662d59de6ab807e56617bf950b42ac6b8711dc159b4e7cceeb708b1548699ea87b85f2dfbaa807e244253a8079cb8ae849503402948621488395635161e3a6ead7d012c2e6dd40f417d559d2f08761f09cbafba6a399'),
	('khodges@banks-wilkins.com', '2e46eb1fb796f89e33c3055d9ecaded53ed1aed7afa86d300e1ae5ccf1c7d991c2e3c26b167527e8cbce8643d97b8a49b95f9e44b436f6afcecf6eb6b0ecb11512fa53a63273e72f85ff98b80c9cd32517123e30e0aa2a6b36bc6e7616a6b66f'),
	('maria78@hotmail.com', '2ae4926d82c2f476e229ee28cb09c1dc542045f3a6c44e5493b1d6323b004604272d3a8f72a8923b29aac78e62cc2153165a21609028dd7e4802bc581bf296685714f3b7a8e50c7bd5e0589fa7ba19a4e583ec51837c8f65c5d9663be6e1d809'),
	('penningtonamanda@harris-williams.com', '1b03fb4cb329589fa02f0ffff34d76b06cf39682f3306bcfa5664d62fbf63a2cf97519d076e4ee533c970ec28ceb9a38056e0560c5d12407aa37e4173436fc9a59c932e80e97c7d70209ce5a55010bda48149c8b7c43f28527643f52493c4129'),
	('vanessahoward@gmail.com', '74474639be975bcb70089db9d796f1ce40e15b2270c13f3d9928ea8bef71216783e5516d759320c6fc052ae42db218d62bef932abaa8a037feec1e4256bed318d3d69b4192df32c3ffe3f0833b102ba19cb4872ff28a63ee52993fd1d0e62fec'),
	('deborah45@marsh.org', '48abea0b5e762eaebdc456f8fdd46b552f912aa45827cad9de8375c572981e557f63a59a60fa784b798d1adb1804cfa70f1cb2697879c569da825f6ee1c0e8a54aae8458fd8e8e7b5dfa8b9ea7d97bc9f54e60df31265264c21f3b7405757baf'),
	('hbaker@yahoo.com', '6f3e31df52fd3a502702e8bca223ffc6a13ed25dd21ecfbabb1b4f2fee7fb7d63fc9b0c0de6741039f6ce3b0873edcabc8c0317b532771232eaa0944c9681cc30b8b7278071420564718dbe0c015b1d72498ad339f9489077ea0b663ba079671'),
	('abigail42@yahoo.com', '63697c133a013ca12b5d807624035ccd4bd24d5f30c50946cca5f969f08fc8df2aa0e5ccc3234e07a6c5fc7efa29b352d0b80b5c0820e1c0062d8c43c5f3d917f61be63c4fcd82f6b54522d2b8c1ce9390a2177b910c31e55b1321c12bb2feb3'),
	('lisabaker@mckee.biz', '12f00e5f9a497d0db62055993c82db1bf35b80048b176e38ec075e8552bcd05d515609596e0b9b1f8a4bf3512b42ca5f693682cdc823389dc541127eca9049468e9977827e52db58c389abf07ad77b1253849f4e135cdfc80da51e42929e8837'),
	('zhill@yahoo.com', '4f9b62ce12f6eefa00bea4e0792ee2c6a9a65ddbe5bfe645dcedc6d414029fdb08143b7568f7dec47a55e1370c962290a65fbc664be8221d019bd12630a9236692262ccb1bc1b2dc3a6b3b86973d6c01ed0823facc3cb9684ffbb8f6738c0aab'),
	('zwaller@hotmail.com', '262687a81146823017d66abbbedf94471678190d76e05d29a38dd037d6e39f3cc51ae2ad73e220c8256d425304ce8c5e63d8b15a90b29fc5f35618d037366b8b6805c80b73f5cb5fb04af1efaf510f7b6088825973519b618da0c729ac58916a'),
	('jsmith@bryant-ali.com', '9a624ae9db9c0c289fba7116888155aac4fa288fd8c905f3f5aa2cb9562fa4f14bae580f526344431c0426009516c3a09a7c644defa32b7666105d6406a287d47a811e01cf099a1fd5372052df4d6bc573c9131329db73e3b06c7d9d51b2bc90'),
	('mccoytimothy@hotmail.com', '0c4a9a07da0abc83e23b5eddf1d07c0fe0597b8e8ffa177e6d8f0fdce9c67e1980e60cbfd67b338d91733fe7340e981ca04d34953bd3af2027fd7729ca5054f09205aff804e2a12ce7b89a59167801698cc9e24fa7169b4d4200b77455d636bf'),
	('robertmanning@knight-lowery.com', 'e0b390ca88fdee21d044a7e906e8c7180e34e96961baa1a4f999b0f94f1ccd94e011536946271f77cb589da2fc631700d571175e1559cf618172c638fe0b26df4c9ad0bb64a5b1155d70d039a45d11ead18c645046dab580d623e1fea2e65f43'),
	('johnsonmatthew@yahoo.com', '6ad4cb16d46f3b514b82c148466e7635eb20c8508724e32dba849d746e8ca6260157b8efe22536c8a032a638ebaa8ecebc9c968d5c76cb7903f5d6f4055ae4cb7a7733af68a27c89da0c1b525d967ff8b0617d64845314c925ec20dfb06532a3'),
	('wperez@tucker.org', '029e4728d7e9d7efaf0c9306a7124a6e03c28d2647c0866f562d46a4de6c1b3abcb262504a71cac2ed54bf0014efa45143a84e0a6d8492638ba774ad5fcd156bb4cb61727c4fe1f9283bc7db637539dee02200a1b2c90db75d4475749be4f505'),
	('kconner@gmail.com', 'f30db063725ca3853f1578d43c0e367d3610bea0339a05767826e611ab0923e7bc11301b474637edd7b385f52828a3d23873d240d13870f986a5b6454b89de1a90d21f3aa7c82dd23cc2fad9cddff676a73f74457937e8dbea9100fc3ec2d174'),
	('thomasjonathan@gmail.com', '812ef1b842484e6614e8b74f9fbaf557c5ffbc7558b465f6611d926c601d7ddededd79e4e03c018ba6ff848c0885b560458b883155d775bc932c3774d8e087de51c65034d08e8a0d0feed206a29ae5da547290aae7c754942289f5e0d37b3dcf'),
	('vmoore@gmail.com', 'dfc3a61209b07f1011d96e3c95d143df5ff9dfdaaa8a169250721051024c566c65f047259a72a141809b657ba5df2763d2f347ca84010e4c18cc0993b563661a6adc22842bb892c2a7f129cce562d47288d86b5c0728910847348ad53cf49785'),
	('annapierce@yahoo.com', 'c9345871087a53c427c15459ea69b40ba5313cd5279d749c7d63072cc680e38803aabe5572caa3e14f0a4d325686abc8b8223e6e13f603fe0634ee0b39392cfc19a0d5c08ad0fb5b123d2a8bcb6dbe5b496e696f0785cf2712a6d9cbc0166a5d'),
	('tnelson@hunter.com', 'adbdec881114bde2d80f3b07911e575b251c30ffe89a3e9f7754c26daf8bfd97b2d6b8616248c1e26dbbf2672203397cad0a57fcac4948e488cdded2b339fe5d157003ad6d73ac28be6609f5e09a6feec929e1c0816fbb2817c2a43391d5df2b'),
	('morgankristopher@harvey-wolfe.com', '2101fa23f5a6224eed226f3de1ea56aef0118da2ab2651ce80778b946027a8fe8e448c7f774b02a2db65c217b7f02ce7b9427fe43bda40c955179be0988a70d90228e5169b61055a3177ef5c82137eaab18daf507fac33796c66bf67fadc8707'),
	('regina24@myers.com', '301bdb0d64e3722a795417a5a0882a1d34017503a1aeb3776a83518a0329d66476cfaa7cc9b83f6328f87c1d90f9a9f0bff8e8431dbcbaf15141e766b234fffbe21437497c902fb518cd2b7b56f60a46ed0ceefbbf2801cd2a171307932e5570'),
	('cferrell@perez.info', '1a14cca79c6ae469b97350e203e7d8eb38032c2cb19aa4a80b7e04a8e391349d34327b6b8be8fce367cccd5b8d3c65f5f27a672b9981136f246457d58d5034f5e1f84610f019a59ced10fbdf5917de9e8ffb7d8f26f6de892365954f741c727c'),
	('christopher92@gmail.com', '3f73b2043bfc5014d529e5e4901aea74d76f8becc3f7ba3bf260ec9eaa821826712b48605ac459d26f9d10c8c6696a8aaec15b6b739b0e5f12798d91493eda8813af6332e758fb853c1c7b82b5935147dde69afef2d09611c6a8b746b50bbb8b'),
	('dowens@yahoo.com', 'cbf7116d4d48273748fe5f33466a7c019a0fb52df0aee1c4362e4cd7750490e8664b22d584957a436495338a40cc04e29d1d47c37acafe0c08fbdb7c42742045ecacd0ccb4c76797e18fd918248a9459c51ab7388b139c1c4fad7156bd64d311');

INSERT INTO command(id, command_date, email, first_name, last_name, street, city, zipcode, country)
	VALUE
	(0, '2014-1-1', 'beasleyscott@ramos.com', 'William', 'Hall', '9841 Mckay Roads', 'Michaelmouth', 'P7R 8R1', 'Jordan'),
	(0, '2014-1-2', 'wwilliams@yahoo.com', 'Jason', 'Parker', '764 Timothy Crescent Suite 842', 'South Amanda', 'Y8E 5A9', 'Bangladesh'),
	(0, '2014-1-3', 'johnsonmelissa@meyer.com', 'Ryan', 'Rogers', '1431 Stout Gateway', 'Harrisport', 'B4J 3E9', 'Colombia'),
	(0, '2014-2-4', 'kristen76@shaw.net', 'Christopher', 'Turner', '65640 Tammy Stream Apt. 202', 'Kelleytown', 'M7S 0Y4', 'New Zealand'),
	(0, '2014-2-5', 'jacqueline33@dennis.com', 'Joanne', 'Duncan', '274 Reynolds Gardens Apt. 055', 'New Randymouth', 'H0B 9H0', 'Maldives'),
	(0, '2014-2-6', 'pduke@hotmail.com', 'Matthew', 'Hodges', '871 Zimmerman Viaduct', 'Port Margaretton', 'B0T 2C3', 'Georgia'),
	(0, '2014-3-7', 'qwilliams@gmail.com', 'Tony', 'Mccoy', '8678 Jacobs Ridge Apt. 544', 'Port Juliaview', 'Z7D 0Q6', 'Turkey'),
	(0, '2014-3-8', 'ttaylor@gmail.com', 'Lori', 'Walker', '325 Derek Plains Suite 254', 'South Jennifershire', 'P1B 9E4', 'Lesotho'),
	(0, '2014-3-9', 'jack09@patrick.com', 'Sheila', 'Wilson', '3585 Porter Spur', 'North Joseside', 'M6U 2I1', 'Azerbaijan'),
	(0, '2014-4-10', 'christianingram@estes.com', 'Megan', 'Edwards', '3394 Kathy Heights', 'Lake Lisa', 'G2T 5T3', 'Belarus'),
	(0, '2014-4-11', 'freed@gmail.com', 'Shelly', 'Herrera', '0003 Burnett Flats Apt. 906', 'Garyview', 'U6K 3F7', 'New Zealand'),
	(0, '2014-4-12', 'daniel15@sanchez.org', 'Mary', 'Price', '033 Mitchell Station', 'Ayersbury', 'W6D 3K8', 'Botswana'),
	(0, '2014-5-13', 'webermelissa@gmail.com', 'Tami', 'Adams', '34599 Emma Square Apt. 183', 'Brandonside', 'F5T 3U6', 'Suriname'),
	(0, '2014-5-14', 'curtiscox@gmail.com', 'Alexandra', 'Wilcox', '60653 Scott Fords Apt. 749', 'Lake Sherri', 'U0X 5P4', 'Chile'),
	(0, '2014-5-15', 'tonygilmore@herman.net', 'Kim', 'Hudson', '5036 Katherine Well', 'Stephenville', 'G2X 7X8', 'Comoros'),
	(0, '2014-6-16', 'michael41@gmail.com', 'Keith', 'Walker', '252 John Fork', 'West Robert', 'P2B 6K4', 'Libyan Arab Jamahiriya'),
	(0, '2014-6-17', 'brenda48@hotmail.com', 'Charles', 'Clements', '6143 Keith Plains Suite 927', 'Stevenmouth', 'O3H 5N2', 'Cyprus'),
	(0, '2014-6-18', 'fernandowalker@yahoo.com', 'Malik', 'Brown', '902 Laura Vista', 'New Robert', 'M0Y 1Q7', 'Chile'),
	(0, '2014-7-19', 'michaelhall@castillo.com', 'Patrick', 'Gonzales', '586 James Mountains', 'North Howard', 'X2H 2V5', 'Lithuania'),
	(0, '2014-7-20', 'maureencooper@duffy.com', 'Lisa', 'Bailey', '04526 Miller Tunnel', 'Kellerborough', 'O5L 6T9', 'Croatia'),
	(0, '2014-7-21', 'jthompson@yahoo.com', 'Dawn', 'Garcia', '4329 Price Coves', 'Emilyland', 'V1M 4P8', 'Sao Tome and Principe'),
	(0, '2014-8-22', 'jasoncastaneda@griffith.com', 'Charles', 'Rivera', '1360 Thomas Groves Suite 504', 'New Nicolehaven', 'H8B 0N4', 'Uzbekistan'),
	(0, '2014-8-23', 'stephanie75@hotmail.com', 'Zachary', 'Greene', '672 Hudson Oval', 'Blakeville', 'T3X 1P4', 'Armenia'),
	(0, '2014-8-24', 'yhall@payne-jackson.biz', 'Valerie', 'Rojas', '222 Martin Summit Suite 335', 'South Richard', 'Z1R 9W2', 'Moldova'),
	(0, '2014-9-25', 'kathrynhartman@yahoo.com', 'Mark', 'Evans', '4150 Alexa Mission Apt. 339', 'South Robertberg', 'I3V 5P0', 'Iceland'),
	(0, '2014-9-26', 'patricksullivan@hotmail.com', 'Kimberly', 'Barker', '82980 Lori Walks', 'Hamiltonfurt', 'D1Z 7T8', 'Mauritania'),
	(0, '2014-9-27', 'stacy35@hotmail.com', 'Christian', 'Boyd', '595 Annette Knoll', 'Andrademouth', 'Z8E 8R2', 'Guinea-Bissau'),
	(0, '2014-10-28', 'dunnsarah@yahoo.com', 'Michelle', 'Walsh', '03672 Alexander Mill', 'Calebbury', 'F3G 3X3', 'Tajikistan'),
	(0, '2015-1-1', 'johnsondillon@gmail.com', 'Kristina', 'Navarro', '7627 Fowler Views Apt. 238', 'Jenkinshaven', 'M4Q 5X1', 'Cocos (Keeling) Islands'),
	(0, '2015-1-2', 'bryan34@yahoo.com', 'Rachel', 'Freeman', '816 Mary Meadow', 'Port Cathy', 'N1S 1Q1', 'Mongolia'),
	(0, '2015-2-3', 'hooperjennifer@myers-valdez.com', 'Mary', 'Moore', '250 Wilson Terrace', 'South Connormouth', 'B3D 8R2', 'Egypt'),
	(0, '2015-2-4', 'daniellestewart@hatfield.net', 'Colleen', 'Thompson', '747 Moore Wells', 'Victortown', 'L6C 5S8', 'Dominica'),
	(0, '2015-2-5', 'edwardsjames@hanson.org', 'Randy', 'Jones', '39663 Jonathan Points', 'East Tonyaside', 'C6W 8R4', 'Angola'),
	(0, '2015-3-6', 'barrysilva@hotmail.com', 'Matthew', 'Edwards', '065 Erica Drive', 'Ericshire', 'Q9K 2C9', 'Senegal'),
	(0, '2015-3-7', 'robertcampbell@hall.com', 'Jennifer', 'Erickson', '720 Robert Plains', 'Patrickmouth', 'O3D 2P1', 'Palestinian Territory'),
	(0, '2015-3-8', 'bakeralicia@jacobs.org', 'Scott', 'Jones', '80431 Vaughn Keys Suite 480', 'Johnshire', 'Q3W 7E2', 'Portugal'),
	(0, '2015-4-9', 'nicholereyes@mcdonald-drake.info', 'Kevin', 'Williams', '23894 Courtney Spring Suite 860', 'Kimberlyhaven', 'T0A 9E7', 'Romania'),
	(0, '2015-4-10', 'flynnelizabeth@norton-hernandez.com', 'Amber', 'Smith', '4721 Simmons Cliffs Suite 158', 'East Alyssa', 'U5V 3O6', 'Timor-Leste'),
	(0, '2015-4-11', 'smithjames@rios-alvarez.net', 'Todd', 'Oneal', '648 Matthew Club', 'Lake Ashleyberg', 'O8G 5S3', 'Poland'),
	(0, '2015-5-12', 'martin03@hotmail.com', 'Christine', 'Huerta', '8903 Valentine Branch Apt. 973', 'Lake Brianburgh', 'O6S 0D8', 'Heard Island and McDonald Islands'),
	(0, '2015-5-13', 'rwagner@horton.com', 'Amanda', 'Terrell', '2477 Reid Street', 'Zhangside', 'V2P 7O3', 'Guinea-Bissau'),
	(0, '2015-5-14', 'william05@lowery.com', 'Michelle', 'Brock', '972 Galloway Crescent', 'Briannaport', 'W3Q 7M0', 'Norway'),
	(0, '2015-6-15', 'jessicamurray@gmail.com', 'Angela', 'Beard', '384 Jeffery Streets', 'North Michaelfort', 'E4R 2P2', 'Lebanon'),
	(0, '2015-6-16', 'yclarke@yahoo.com', 'Jonathan', 'Franklin', '1141 Waters Forest', 'Christinafurt', 'L9S 7B5', 'Tanzania'),
	(0, '2015-6-17', 'matthewstyler@hotmail.com', 'Donna', 'Warren', '736 Michele Island Suite 635', 'New Tylerfort', 'Z6O 8P1', 'Czech Republic'),
	(0, '2015-7-18', 'andersonlisa@hall.biz', 'Kristin', 'Johnson', '12662 Mason Forges', 'North Kathyview', 'G4C 6I0', 'Solomon Islands'),
	(0, '2015-7-19', 'edwinmooney@williams-frye.com', 'Gina', 'Reid', '4572 Cristina Parks', 'West Dannyside', 'Q6B 5V9', 'Angola'),
	(0, '2015-7-20', 'zrodriguez@smith.info', 'Jennifer', 'Stone', '3335 Sanchez Views', 'Clarkmouth', 'V4J 6H3', 'Ireland'),
	(0, '2015-8-21', 'ygolden@cervantes.com', 'Mario', 'Perez', '5434 Carol Freeway', 'New Anne', 'C2Y 7Y1', 'American Samoa'),
	(0, '2015-8-22', 'shelby26@stephenson.com', 'Melissa', 'Butler', '836 Mark Views Apt. 676', 'New Jaredland', 'D3Q 0J3', 'Slovenia'),
	(0, '2015-8-23', 'dfernandez@hotmail.com', 'Amanda', 'Johnson', '3852 Harrington Streets', 'Wheelerstad', 'Z9T 7V1', 'Holy See (Vatican City State)'),
	(0, '2015-9-24', 'walvarez@hotmail.com', 'Matthew', 'Davis', '78534 Charles Hill Suite 499', 'Port Patricia', 'B7C 7S3', 'Iraq'),
	(0, '2015-9-25', 'cpatton@hotmail.com', 'Lori', 'Martin', '55345 Kelly Ridge', 'North Diane', 'W1X 4O0', 'France'),
	(0, '2015-9-26', 'sarah44@lopez.com', 'Joshua', 'Cowan', '5288 Adrian Canyon Apt. 883', 'South Kristinatown', 'U9Q 8G7', 'Cote d''Ivoire'),
	(0, '2015-10-27', 'zberger@casey.info', 'Tina', 'Winters', '420 Diana Ridges', 'Susanshire', 'O3Z 4S2', 'Ethiopia'),
	(0, '2015-10-28', 'bakereric@duncan-brown.info', 'Jamie', 'Bruce', '22375 Stanley Pines', 'South Rebeccafort', 'D8T 0A2', 'Rwanda'),
	(0, '2016-1-1', 'amy98@hotmail.com', 'Jonathan', 'Taylor', '479 Martin Hills', 'Jacobberg', 'G4M 4F5', 'Mexico'),
	(0, '2016-1-2', 'jeffjones@johnson-gomez.com', 'Kimberly', 'Graham', '81843 Davis Hills Suite 234', 'Stevenberg', 'W8Y 5I8', 'Somalia'),
	(0, '2016-2-3', 'uflynn@blair-freeman.com', 'Jonathan', 'Adams', '73721 Daniel Curve', 'East Melissaview', 'Z7Y 2N1', 'Nicaragua'),
	(0, '2016-2-4', 'derrick15@yahoo.com', 'Edward', 'Williamson', '130 Diaz Grove Apt. 700', 'Port Jeff', 'O8W 2X5', 'Croatia'),
	(0, '2016-2-5', 'murillosheila@sellers-dunn.com', 'Nichole', 'Smith', '29041 Gillespie Loaf', 'East Michael', 'M0J 8A2', 'Angola'),
	(0, '2016-3-6', 'youngnicole@yahoo.com', 'George', 'Schaefer', '3902 Cooper Circle', 'Kevinbury', 'J1R 6R8', 'Netherlands Antilles'),
	(0, '2016-3-7', 'steven24@casey.org', 'Paula', 'Wong', '69388 Stephanie Ville Suite 043', 'West Jenniferport', 'Q8N 9P0', 'Myanmar'),
	(0, '2016-3-8', 'charles91@sandoval.com', 'Katherine', 'Boyd', '43913 Jessica Squares Suite 591', 'East Christopherfurt', 'R4M 3W2', 'Samoa'),
	(0, '2016-4-9', 'shelleydavis@gamble.info', 'Joseph', 'Patel', '7724 Greene Forges', 'Port Denise', 'W7Z 0D8', 'Norfolk Island'),
	(0, '2016-4-10', 'icole@hotmail.com', 'Melanie', 'Bell', '754 Kimberly Crescent', 'Hahnborough', 'A9T 9R9', 'Saint Martin'),
	(0, '2016-4-11', 'nicholas51@hotmail.com', 'Robin', 'Martinez', '757 Amanda Flat', 'Bauerchester', 'F9L 0O1', 'Panama'),
	(0, '2016-5-12', 'dcunningham@holland.biz', 'Eric', 'Johnson', '390 Brandon Trail', 'Christineview', 'K1N 8T9', 'Pakistan'),
	(0, '2016-5-13', 'zharrington@hotmail.com', 'Logan', 'Smith', '391 Chandler Brook', 'Washingtonfurt', 'X8T 3P2', 'Lao People''s Democratic Republic'),
	(0, '2016-5-14', 'cheryl94@alexander-mcbride.biz', 'Michael', 'Ruiz', '42308 Richardson Squares', 'New Melissaton', 'J2B 7N0', 'Madagascar'),
	(0, '2016-6-15', 'rmorgan@gmail.com', 'Julie', 'Thompson', '99022 Smith Inlet Apt. 987', 'Jenniferchester', 'M4U 2Y2', 'Moldova'),
	(0, '2016-6-16', 'alvarezwilliam@patterson.com', 'Tina', 'Mcfarland', '38349 Ashley Highway Apt. 915', 'Greenville', 'X4H 8D7', 'Bouvet Island (Bouvetoya)'),
	(0, '2016-6-17', 'christinebarnes@conner.com', 'Carrie', 'Winters', '4057 Briana Cove', 'Fosterburgh', 'I4T 6Q6', 'French Guiana'),
	(0, '2016-7-18', 'johnwillis@simpson-rosario.com', 'Kevin', 'Martin', '0461 Lucero Rest Suite 829', 'Hopkinston', 'R7S 4W4', 'Trinidad and Tobago'),
	(0, '2016-7-19', 'lbrown@miller.com', 'Erin', 'Tran', '02094 Elizabeth Park Apt. 023', 'Smithshire', 'N6W 8G4', 'Kenya'),
	(0, '2016-7-20', 'dawn32@yahoo.com', 'Julie', 'Martin', '05541 Wilkins Lodge Suite 967', 'Lake Jacob', 'N6X 8E1', 'Korea'),
	(0, '2016-8-21', 'alexander26@hotmail.com', 'Michael', 'Wright', '483 Andrea Mission', 'East Meganchester', 'U0U 1D0', 'Croatia'),
	(0, '2016-8-22', 'rodneyperez@hotmail.com', 'Craig', 'Mays', '8810 Dana Heights', 'Jonesstad', 'O4B 3S2', 'Lesotho'),
	(0, '2016-8-23', 'zachary08@hotmail.com', 'Roberta', 'Potts', '267 Megan Brook', 'Tuckerland', 'X4O 0P1', 'Suriname'),
	(0, '2016-9-24', 'bishopmalik@yahoo.com', 'Joseph', 'Duran', '542 Sally Square Suite 961', 'Jasonbury', 'V0K 9Q6', 'Liberia'),
	(0, '2016-9-25', 'elizabeth91@gonzalez-erickson.info', 'Elizabeth', 'Hawkins', '60686 Brittany Courts Suite 059', 'Lake Nicholeville', 'H2R 1V2', 'Malta'),
	(0, '2016-9-26', 'mclayton@yahoo.com', 'Jackie', 'Brown', '35833 Chad Plaza', 'West Brendaberg', 'Z0J 1O9', 'United States of America'),
	(0, '2016-10-27', 'faguilar@yahoo.com', 'Jessica', 'Mcintyre', '6279 Winters Glens Suite 784', 'Monicafurt', 'S7G 7C2', 'Burkina Faso'),
	(0, '2016-10-28', 'bryanchang@stokes.org', 'Jamie', 'Norman', '255 Harris Drive Apt. 570', 'New Laurie', 'Q7A 3Q5', 'Bolivia'),
	(0, '2017-1-1', 'wwade@santiago.com', 'Laura', 'Washington', '323 Thompson Course Suite 534', 'East Richard', 'A4P 3G8', 'South Africa'),
	(0, '2017-1-2', 'alicialopez@hotmail.com', 'Jessica', 'Mercado', '127 Smith Tunnel Apt. 660', 'Brucemouth', 'D7N 2G2', 'Norway'),
	(0, '2017-2-3', 'carly91@yahoo.com', 'James', 'Mathews', '5012 Jeremy Greens Apt. 695', 'Colemanview', 'W2M 5R9', 'Jersey'),
	(0, '2017-2-4', 'elopez@sherman.com', 'Michelle', 'Rhodes', '670 Sean Squares Suite 400', 'East Anthony', 'X8Y 5I2', 'Iceland'),
	(0, '2017-2-5', 'rossrhonda@baker.com', 'Loretta', 'Rios', '091 Dawn Crescent', 'Wallacebury', 'Q5T 0P5', 'Malawi'),
	(0, '2017-3-6', 'ellengalloway@hotmail.com', 'John', 'Neal', '37552 Woods Court Apt. 968', 'North Richardland', 'M1V 3I4', 'Oman'),
	(0, '2017-3-7', 'ttorres@bentley-bell.com', 'Sara', 'Bishop', '0247 Steven Ways', 'Lake John', 'G8L 4R8', 'Austria'),
	(0, '2017-3-8', 'zortiz@davis-hayden.org', 'Robin', 'Hicks', '420 Copeland Dam Suite 991', 'Nancychester', 'C2K 0L6', 'French Southern Territories'),
	(0, '2017-4-9', 'cunninghamerin@garcia.com', 'Nicholas', 'Smith', '4940 Greg Spring Suite 770', 'North Ryanmouth', 'Z3P 7P6', 'Syrian Arab Republic'),
	(0, '2017-4-10', 'zgibson@hotmail.com', 'Jacob', 'Scott', '1250 Melendez Mountain Apt. 715', 'Jodystad', 'O9S 8T5', 'Aruba'),
	(0, '2017-4-11', 'hramsey@jimenez-reyes.com', 'Jesse', 'Gibbs', '048 Danielle Dam Apt. 977', 'Seanshire', 'V3K 5R7', 'Turkey'),
	(0, '2017-5-12', 'ejones@gmail.com', 'Carlos', 'Wallace', '2652 Carolyn Loop Suite 464', 'Lake Jorgetown', 'M8C 5L1', 'Myanmar'),
	(0, '2017-5-13', 'tiffanychung@gmail.com', 'Richard', 'Adams', '692 Johnson Circles', 'Lake Victoria', 'H7X 4Q1', 'Congo'),
	(0, '2017-5-14', 'ffletcher@gmail.com', 'Sandra', 'King', '204 Munoz Heights', 'Kathleenmouth', 'J2R 4B1', 'Iran'),
	(0, '2017-6-15', 'ralph38@gmail.com', 'Elizabeth', 'Rogers', '0008 Allison Rapid Apt. 319', 'New Amber', 'P2P 4L3', 'Guam'),
	(0, '2017-6-16', 'bill76@yahoo.com', 'William', 'Pruitt', '7084 Henderson Dale', 'North Ellen', 'S0S 7B0', 'British Indian Ocean Territory (Chagos Archipelago)'),
	(0, '2017-6-17', 'hfoster@johnson.com', 'Karla', 'Watkins', '9261 Whitney Camp', 'Walkerburgh', 'C9T 9S2', 'Albania'),
	(0, '2017-7-18', 'deborahmcbride@yahoo.com', 'Jimmy', 'Ochoa', '62784 James Springs Suite 428', 'Jeremyshire', 'N4B 7Y2', 'Italy'),
	(0, '2017-7-19', 'vgarcia@shelton-morales.com', 'Travis', 'Taylor', '777 Allen Stravenue', 'Lake Brianview', 'P8U 0L2', 'Sierra Leone'),
	(0, '2017-7-20', 'pruittalan@roy.com', 'Kimberly', 'Luna', '61240 Brandy Hill', 'Port Brian', 'W5A 3Z1', 'Armenia'),
	(0, '2017-8-21', 'michelle42@thompson.org', 'Linda', 'Nichols', '190 Scott Pine', 'Chaseville', 'S8N 5K1', 'British Virgin Islands'),
	(0, '2017-8-22', 'donnabenjamin@curtis.com', 'Edward', 'Wilson', '7004 Lewis Harbor', 'Danielside', 'Q4U 6I4', 'Djibouti'),
	(0, '2017-8-23', 'ashley83@brown.com', 'Deborah', 'Castaneda', '220 John Mall Suite 226', 'North Andrewstad', 'A6K 8U2', 'Nepal'),
	(0, '2017-9-24', 'mrichardson@robertson.com', 'Mario', 'Mcdonald', '5370 Julia Stravenue', 'Murrayview', 'I8Q 0T8', 'Pakistan'),
	(0, '2017-9-25', 'richard79@merritt.org', 'Robert', 'Flores', '75483 Brent Keys Apt. 637', 'South Amyfort', 'M1F 6X3', 'Somalia'),
	(0, '2017-9-26', 'myerskim@yahoo.com', 'Bryan', 'Wiggins', '13340 Vega Divide Suite 464', 'East Eric', 'C3F 7A7', 'Guinea-Bissau'),
	(0, '2017-10-27', 'kellie82@sanders-sloan.com', 'Tiffany', 'Hampton', '304 Rebecca Harbors Suite 150', 'North Markmouth', 'S8K 8A1', 'Western Sahara'),
	(0, '2017-10-28', 'ericorozco@lopez.com', 'Matthew', 'Hall', '11438 David Station', 'Port Thomas', 'U9J 8M8', 'Nicaragua'),
	(0, '2018-1-1', 'fhampton@daniel-lambert.biz', 'Rebecca', 'Little', '6704 Moore Ways', 'West Davidport', 'N9C 5K0', 'Suriname'),
	(0, '2018-1-2', 'jennifer18@hotmail.com', 'Megan', 'Reynolds', '00882 David Falls', 'North Kevinhaven', 'M4J 9C0', 'Nauru'),
	(0, '2018-2-3', 'ismith@gmail.com', 'Catherine', 'Olson', '05657 Kelly Extensions Suite 421', 'South Christopher', 'Q2R 1R6', 'Saint Martin'),
	(0, '2018-2-4', 'cshelton@hotmail.com', 'Jasmin', 'Mcdonald', '7539 Haley Track', 'Lake Rhondashire', 'I9R 9N5', 'Thailand'),
	(0, '2018-2-5', 'amysmith@gmail.com', 'Mary', 'Atkins', '41009 Renee Run', 'Hernandezport', 'R7M 4B9', 'Colombia'),
	(0, '2018-3-6', 'garrisonjeanette@hall.com', 'James', 'Davis', '7840 Knight Springs', 'Sabrinaside', 'Q4H 9F7', 'Bahamas'),
	(0, '2018-3-7', 'chelsea39@larsen-tucker.net', 'Christopher', 'Long', '7320 Ortiz Key', 'North Eric', 'F7U 8B9', 'Mexico'),
	(0, '2018-3-8', 'qskinner@skinner.org', 'Andrea', 'Moore', '27072 Angel Stream Apt. 275', 'East Jessicastad', 'B7B 6N6', 'Christmas Island'),
	(0, '2018-4-9', 'carpenterroy@gomez-hester.org', 'Joseph', 'Hardin', '111 Riddle Mount', 'Schultztown', 'O6Y 2I8', 'Mongolia'),
	(0, '2018-4-10', 'bonnie96@yahoo.com', 'Becky', 'Johnson', '016 Megan Corners', 'Richardsonton', 'V1K 1P7', 'Liechtenstein'),
	(0, '2018-4-11', 'tbrandt@gmail.com', 'Aaron', 'Hodges', '037 Michelle Prairie Suite 509', 'Port David', 'F6A 0B8', 'Colombia'),
	(0, '2018-5-12', 'oruiz@yahoo.com', 'Alejandra', 'Moyer', '91941 Day Mountains Apt. 061', 'Jenniferview', 'E0N 1T6', 'Czech Republic'),
	(0, '2018-5-13', 'castrodana@nguyen.com', 'Vincent', 'Dougherty', '0155 Michael Throughway Suite 015', 'New Linda', 'W0B 6C8', 'Singapore'),
	(0, '2018-5-14', 'khodges@banks-wilkins.com', 'Johnny', 'Smith', '9135 Willie Center', 'Sheriport', 'L1E 5B5', 'Djibouti'),
	(0, '2018-6-15', 'maria78@hotmail.com', 'Amy', 'Perez', '5138 Greene Estates', 'Saundershaven', 'Q1Y 3I7', 'Panama'),
	(0, '2018-6-16', 'penningtonamanda@harris-williams.com', 'Erica', 'Weber', '4401 Craig Estate Apt. 981', 'Careyborough', 'M4S 8B2', 'Martinique'),
	(0, '2018-6-17', 'vanessahoward@gmail.com', 'Abigail', 'Avila', '62180 Lisa Road', 'West Thomas', 'G8D 5D7', 'Western Sahara'),
	(0, '2018-7-18', 'deborah45@marsh.org', 'Shannon', 'Davis', '2497 Caitlyn Road Suite 862', 'East Michelle', 'M4N 1O8', 'Papua New Guinea'),
	(0, '2018-7-19', 'hbaker@yahoo.com', 'Matthew', 'Jackson', '96220 Michele Plaza Suite 098', 'Lake Jill', 'I0T 4J2', 'British Indian Ocean Territory (Chagos Archipelago)'),
	(0, '2018-7-20', 'abigail42@yahoo.com', 'William', 'Ramos', '12660 James Camp Suite 045', 'Christophertown', 'O2B 4U7', 'Gibraltar'),
	(0, '2018-8-21', 'lisabaker@mckee.biz', 'Alex', 'Roy', '33676 West Isle', 'West Josephmouth', 'T9M 4Y0', 'Honduras'),
	(0, '2018-8-22', 'zhill@yahoo.com', 'Mark', 'Harris', '92378 Pittman Common', 'Denisefurt', 'D0C 1R7', 'Palestinian Territory'),
	(0, '2018-8-23', 'zwaller@hotmail.com', 'Kimberly', 'Sanchez', '730 Martinez Mill Suite 980', 'New Matthewfort', 'E5P 1X7', 'Greece'),
	(0, '2018-9-24', 'jsmith@bryant-ali.com', 'Lori', 'Sims', '764 Benjamin Burgs Suite 978', 'East Denise', 'F4R 7T9', 'Mozambique'),
	(0, '2018-9-25', 'mccoytimothy@hotmail.com', 'Jordan', 'Pennington', '69374 Terry Pike', 'New Kyle', 'I3N 9X6', 'Mozambique'),
	(0, '2018-9-26', 'robertmanning@knight-lowery.com', 'Donna', 'Wilkerson', '407 Montgomery Plaza Suite 832', 'East Bernard', 'D4L 1N5', 'Haiti'),
	(0, '2018-10-27', 'johnsonmatthew@yahoo.com', 'Alan', 'Rosario', '504 Murphy Views', 'Lake Debbieberg', 'W3Z 9K4', 'Trinidad and Tobago'),
	(0, '2018-10-28', 'wperez@tucker.org', 'Hannah', 'Moyer', '4515 Howard Skyway Suite 567', 'East Aaron', 'S7B 8G6', 'Palau'),
	(0, '2019-1-1', 'kconner@gmail.com', 'Maria', 'Moss', '1444 Yu Canyon Apt. 742', 'Archerfurt', 'Q1C 2D2', 'United Arab Emirates'),
	(0, '2019-1-2', 'thomasjonathan@gmail.com', 'Traci', 'Jones', '01092 Hernandez Locks Apt. 332', 'Vickimouth', 'V8W 1V0', 'Antarctica (the territory South of 60 deg S)'),
	(0, '2019-2-3', 'vmoore@gmail.com', 'Christopher', 'Guerrero', '92146 Hunter Locks Suite 161', 'Lake Trevorstad', 'P9H 3C5', 'Equatorial Guinea'),
	(0, '2019-2-4', 'annapierce@yahoo.com', 'Jessica', 'Williams', '262 Raymond Lights', 'New Luis', 'W3Y 2O8', 'Falkland Islands (Malvinas)'),
	(0, '2019-2-5', 'tnelson@hunter.com', 'Dale', 'Davis', '7155 Jessica Groves Suite 636', 'Rangelmouth', 'R6S 6P3', 'Yemen'),
	(0, '2019-3-6', 'morgankristopher@harvey-wolfe.com', 'Samantha', 'Foley', '077 Dave Place Suite 464', 'Deannastad', 'X8F 2N6', 'Aruba'),
	(0, '2019-3-7', 'regina24@myers.com', 'Sarah', 'Schultz', '6936 Pamela Vista', 'Destinyport', 'Y8H 9R4', 'Cameroon'),
	(0, '2019-3-8', 'cferrell@perez.info', 'Robert', 'May', '63012 Carlson Ports', 'Mauricechester', 'Z3G 2F5', 'Madagascar'),
	(0, '2019-4-9', 'christopher92@gmail.com', 'William', 'Cooper', '211 Berry Parks', 'North Rebecca', 'J2I 6A0', 'Hong Kong');

INSERT INTO product_in_command(command_id, product_id, quantity)
	VALUE
	(1, 2, 0.5),
	(1, 18, 2.5),
	(1, 27, 1),
	(1, 3, 0.75),
	(1, 24, 0.5),
	(1, 9, 1),
	(1, 5, 2),
	(2, 3, 1),
	(2, 4, 3),
	(2, 14, 1),
	(2, 16, 0.75),
	(2, 20, 0.25),
	(3, 1, 1.5),
	(3, 11, 1.5),
	(3, 6, 0.5),
	(4, 18, 0.25),
	(4, 25, 2),
	(5, 8, 2.5),
	(5, 24, 0.75),
	(6, 17, 3),
	(6, 2, 3),
	(6, 30, 2),
	(6, 22, 1),
	(7, 5, 3),
	(7, 8, 0.75),
	(7, 25, 1.5),
	(7, 26, 2),
	(8, 11, 3),
	(8, 1, 3),
	(8, 7, 0.25),
	(9, 11, 2),
	(9, 23, 2.5),
	(10, 31, 2.5),
	(10, 29, 0.5),
	(10, 7, 3),
	(10, 20, 2),
	(11, 30, 0.75),
	(11, 24, 0.25),
	(11, 5, 1),
	(11, 15, 0.25),
	(12, 12, 1.5),
	(12, 23, 1.5),
	(12, 20, 2),
	(12, 1, 1),
	(13, 8, 0.75),
	(13, 6, 2),
	(13, 9, 0.75),
	(14, 17, 0.75),
	(14, 31, 0.75),
	(15, 21, 2),
	(15, 20, 0.25),
	(16, 9, 3),
	(16, 24, 1.5),
	(16, 17, 2.5),
	(16, 28, 1),
	(16, 25, 2),
	(17, 16, 0.75),
	(17, 19, 0.75),
	(17, 27, 0.25),
	(18, 10, 2),
	(19, 10, 3),
	(19, 11, 2),
	(19, 13, 1.5),
	(20, 30, 0.25),
	(20, 23, 0.75),
	(20, 4, 1),
	(20, 1, 3),
	(20, 8, 1),
	(21, 25, 2),
	(21, 11, 1.5),
	(21, 21, 0.5),
	(21, 27, 0.25),
	(22, 20, 2),
	(22, 10, 3),
	(22, 31, 0.5),
	(22, 8, 1),
	(23, 4, 1.5),
	(23, 5, 0.25),
	(23, 20, 2),
	(24, 23, 3),
	(24, 28, 2),
	(24, 25, 2.5),
	(25, 20, 2),
	(25, 7, 1),
	(25, 21, 0.5),
	(25, 11, 1.5),
	(25, 13, 0.5),
	(26, 20, 1.5),
	(26, 13, 2.5),
	(27, 22, 2.5),
	(27, 16, 1.5),
	(28, 9, 1),
	(29, 23, 0.5),
	(30, 15, 2),
	(30, 11, 1.5),
	(31, 26, 3),
	(31, 12, 1.5),
	(32, 15, 1),
	(32, 18, 0.5),
	(32, 22, 2),
	(32, 19, 0.5),
	(32, 21, 0.25),
	(33, 5, 1.5),
	(34, 10, 1.5),
	(34, 22, 1),
	(35, 27, 2.5),
	(35, 3, 3),
	(36, 2, 0.75),
	(36, 30, 0.75),
	(37, 25, 1),
	(38, 18, 1),
	(39, 5, 2),
	(39, 29, 3),
	(39, 24, 0.5),
	(40, 1, 0.5),
	(40, 13, 0.75),
	(40, 19, 2.5),
	(40, 28, 0.75),
	(40, 14, 1),
	(41, 31, 2.5),
	(41, 8, 3),
	(41, 24, 0.75),
	(42, 2, 0.25),
	(42, 7, 1),
	(42, 22, 3),
	(42, 12, 1.5),
	(42, 3, 1.5),
	(43, 13, 1.5),
	(43, 11, 1.5),
	(43, 23, 3),
	(43, 1, 1.5),
	(44, 15, 0.25),
	(44, 6, 1.5),
	(44, 5, 3),
	(44, 29, 2),
	(44, 26, 0.25),
	(45, 12, 0.25),
	(45, 28, 1.5),
	(45, 14, 1.5),
	(46, 23, 2.5),
	(47, 11, 1),
	(47, 17, 2.5),
	(48, 16, 2.5),
	(48, 13, 0.25),
	(48, 31, 2.5),
	(48, 27, 0.75),
	(49, 25, 1.5),
	(49, 22, 0.75),
	(49, 23, 2.5),
	(49, 24, 0.25),
	(50, 17, 2),
	(51, 16, 2),
	(51, 31, 0.25),
	(51, 12, 0.25),
	(51, 2, 0.25),
	(51, 25, 0.5),
	(52, 21, 1.5),
	(52, 29, 1),
	(52, 2, 2.5),
	(52, 11, 3),
	(52, 7, 2.5),
	(53, 20, 0.25),
	(53, 27, 2.5),
	(54, 21, 3),
	(54, 24, 3),
	(54, 19, 2.5),
	(54, 20, 2),
	(55, 24, 1),
	(55, 14, 0.5),
	(55, 30, 3),
	(55, 20, 2.5),
	(55, 4, 0.25),
	(56, 12, 0.75),
	(56, 4, 0.25),
	(56, 29, 0.5),
	(56, 18, 0.25),
	(57, 17, 0.75),
	(57, 15, 2.5),
	(57, 3, 0.25),
	(58, 11, 2.5),
	(58, 2, 0.25),
	(58, 4, 0.75),
	(59, 8, 1),
	(59, 11, 2.5),
	(59, 1, 3),
	(60, 5, 0.75),
	(60, 10, 1),
	(60, 13, 0.5),
	(61, 3, 1),
	(61, 14, 0.25),
	(61, 19, 0.5),
	(62, 28, 1),
	(62, 19, 1.5),
	(62, 7, 0.25),
	(63, 30, 2.5),
	(63, 27, 2.5),
	(63, 0, 0.5),
	(64, 31, 2.5),
	(64, 9, 1),
	(64, 14, 0.5),
	(64, 20, 2.5),
	(65, 8, 2.5),
	(65, 29, 0.5),
	(65, 2, 0.75),
	(65, 11, 0.25),
	(66, 3, 2),
	(66, 22, 0.25),
	(66, 7, 2),
	(66, 6, 2.5),
	(67, 14, 3),
	(67, 8, 1.5),
	(67, 13, 3),
	(67, 31, 2),
	(68, 22, 2.5),
	(68, 19, 0.75),
	(68, 28, 2),
	(68, 21, 0.5),
	(69, 8, 1),
	(69, 5, 1),
	(69, 22, 1),
	(69, 10, 2.5),
	(70, 30, 2.5),
	(70, 7, 1),
	(71, 17, 1),
	(71, 10, 1),
	(71, 6, 0.75),
	(72, 24, 3),
	(72, 1, 0.5),
	(72, 21, 0.75),
	(72, 22, 2.5),
	(72, 14, 0.5),
	(73, 20, 1.5),
	(73, 16, 0.5),
	(73, 19, 2),
	(73, 31, 1.5),
	(74, 19, 0.25),
	(74, 23, 3),
	(74, 28, 0.25),
	(75, 12, 2.5),
	(75, 2, 0.75),
	(76, 19, 2.5),
	(76, 31, 0.25),
	(77, 20, 3),
	(78, 14, 1.5),
	(78, 16, 0.5),
	(78, 30, 2.5),
	(78, 4, 0.25),
	(78, 2, 2),
	(79, 16, 0.75),
	(79, 1, 0.5),
	(79, 4, 1.5),
	(80, 26, 3),
	(80, 4, 2.5),
	(80, 19, 2.5),
	(80, 31, 1.5),
	(80, 28, 0.25),
	(81, 26, 3),
	(82, 14, 2.5),
	(83, 12, 0.25),
	(83, 16, 0.75),
	(83, 3, 0.75),
	(83, 27, 1),
	(84, 25, 2),
	(84, 22, 2),
	(85, 5, 3),
	(85, 3, 0.5),
	(85, 20, 1.5),
	(86, 24, 2.5),
	(86, 5, 0.25),
	(87, 3, 0.75),
	(87, 4, 0.25),
	(87, 2, 2),
	(87, 20, 0.75),
	(88, 1, 0.5),
	(88, 2, 0.5),
	(88, 14, 1.5),
	(89, 4, 0.75),
	(89, 15, 0.75),
	(90, 26, 2.5),
	(91, 6, 1),
	(91, 9, 3),
	(91, 17, 0.5),
	(91, 10, 2),
	(91, 21, 0.25),
	(92, 18, 2.5),
	(92, 17, 2),
	(92, 10, 0.5),
	(93, 26, 1),
	(93, 4, 3),
	(93, 31, 2),
	(94, 11, 1),
	(94, 3, 2),
	(94, 13, 0.75),
	(94, 8, 2),
	(95, 31, 0.75),
	(95, 6, 1),
	(95, 11, 0.25),
	(95, 9, 0.75),
	(96, 15, 2),
	(97, 2, 2),
	(98, 30, 2),
	(98, 16, 3),
	(99, 2, 1),
	(99, 10, 3),
	(99, 8, 1),
	(100, 30, 2),
	(100, 23, 2),
	(100, 19, 0.5),
	(100, 16, 3),
	(101, 30, 1),
	(101, 5, 2),
	(101, 14, 3),
	(101, 11, 0.25),
	(101, 12, 0.5),
	(102, 18, 0.75),
	(102, 19, 0.25),
	(102, 1, 2),
	(102, 5, 0.5),
	(103, 23, 0.5),
	(104, 31, 2.5),
	(104, 19, 1.5),
	(104, 13, 2.5),
	(104, 21, 1.5),
	(104, 7, 0.25),
	(105, 23, 0.5),
	(105, 9, 0.75),
	(105, 19, 0.5),
	(105, 1, 2),
	(106, 4, 1),
	(107, 21, 0.75),
	(107, 15, 2),
	(107, 1, 2.5),
	(108, 30, 2.5),
	(108, 20, 2.5),
	(108, 6, 1),
	(108, 13, 0.25),
	(108, 9, 0.75),
	(109, 15, 0.25),
	(109, 1, 1),
	(110, 13, 0.75),
	(111, 9, 0.25),
	(112, 18, 0.5),
	(112, 3, 2),
	(113, 17, 2.5),
	(114, 30, 2),
	(114, 10, 0.25),
	(114, 2, 3),
	(115, 31, 0.5),
	(116, 8, 2),
	(117, 10, 1.5),
	(118, 15, 0.5),
	(118, 11, 3),
	(119, 4, 0.5),
	(119, 8, 0.75),
	(119, 29, 0.25),
	(120, 9, 2.5),
	(120, 24, 1.5),
	(120, 18, 2),
	(120, 21, 0.75),
	(121, 0, 2),
	(121, 9, 0.75),
	(121, 7, 2.5),
	(122, 4, 0.75),
	(122, 15, 0.5),
	(122, 12, 0.5),
	(123, 23, 2.5),
	(123, 24, 0.25),
	(123, 19, 2.5),
	(123, 31, 1),
	(123, 29, 2.5),
	(124, 1, 1),
	(124, 11, 0.75),
	(124, 21, 0.25),
	(124, 3, 0.75),
	(125, 8, 2.5),
	(125, 25, 2.5),
	(125, 10, 0.5),
	(125, 1, 3),
	(126, 22, 3),
	(127, 20, 3),
	(127, 25, 0.5),
	(127, 16, 2.5),
	(127, 9, 0.25),
	(127, 30, 0.75),
	(128, 6, 2),
	(128, 24, 2.5),
	(129, 7, 1),
	(129, 27, 0.5),
	(129, 10, 3),
	(130, 25, 1.5),
	(130, 31, 2.5),
	(131, 9, 2),
	(131, 10, 3),
	(131, 15, 3),
	(131, 8, 0.25),
	(132, 13, 0.5),
	(132, 4, 1),
	(132, 30, 3),
	(133, 28, 3),
	(133, 19, 2.5),
	(133, 23, 3),
	(134, 26, 2.5),
	(134, 12, 3),
	(134, 16, 3),
	(135, 18, 2),
	(135, 17, 1.5),
	(135, 25, 0.25),
	(136, 18, 1.5),
	(136, 10, 0.75),
	(136, 15, 0.5),
	(136, 2, 2.5),
	(136, 30, 2),
	(137, 17, 0.5),
	(137, 15, 2.5),
	(137, 19, 1),
	(138, 2, 0.75),
	(138, 3, 2),
	(138, 13, 3),
	(139, 31, 0.25),
	(139, 27, 0.5),
	(139, 10, 0.5),
	(139, 12, 2),
	(140, 26, 3),
	(140, 6, 2.5),
	(141, 8, 1),
	(141, 14, 1.5),
	(142, 7, 0.5),
	(142, 30, 0.5),
	(143, 25, 2.5),
	(143, 18, 0.75),
	(143, 1, 3),
	(143, 30, 0.75),
	(143, 23, 2.5),
	(144, 14, 0.75),
	(144, 19, 3),
	(144, 17, 2.5),
	(145, 13, 0.5),
	(145, 5, 0.75),
	(146, 20, 0.75),
	(146, 21, 3),
	(146, 2, 0.75),
	(146, 31, 0.75),
	(146, 25, 0.25),
	(147, 11, 2),
	(147, 23, 0.25),
	(147, 27, 3),
	(147, 2, 0.75),
	(148, 12, 0.25),
	(148, 11, 0.75),
	(149, 28, 1),
	(149, 8, 0.75),
	(149, 21, 3),
	(149, 30, 1);

INSERT INTO cart(email, product_id, quantity)
	VALUE
	('kristen76@shaw.net', 28, 3),
	('qwilliams@gmail.com', 18, 3),
	('qwilliams@gmail.com', 4, 1),
	('christianingram@estes.com', 21, 2),
	('christianingram@estes.com', 25, 0.75),
	('christianingram@estes.com', 11, 2),
	('christianingram@estes.com', 22, 1.5),
	('webermelissa@gmail.com', 15, 0.75),
	('michael41@gmail.com', 26, 3),
	('michael41@gmail.com', 2, 0.75),
	('michael41@gmail.com', 15, 3),
	('michael41@gmail.com', 22, 0.75),
	('michaelhall@castillo.com', 5, 0.75),
	('michaelhall@castillo.com', 23, 1),
	('michaelhall@castillo.com', 26, 1),
	('michaelhall@castillo.com', 21, 2),
	('michaelhall@castillo.com', 29, 3),
	('jasoncastaneda@griffith.com', 19, 0.25),
	('jasoncastaneda@griffith.com', 12, 0.5),
	('kathrynhartman@yahoo.com', 16, 3),
	('kathrynhartman@yahoo.com', 19, 0.5),
	('dunnsarah@yahoo.com', 21, 0.25),
	('hooperjennifer@myers-valdez.com', 19, 0.25),
	('hooperjennifer@myers-valdez.com', 5, 1.5),
	('hooperjennifer@myers-valdez.com', 7, 0.75),
	('hooperjennifer@myers-valdez.com', 28, 1),
	('barrysilva@hotmail.com', 17, 2.5),
	('barrysilva@hotmail.com', 25, 2.5),
	('nicholereyes@mcdonald-drake.info', 30, 3),
	('nicholereyes@mcdonald-drake.info', 15, 2),
	('nicholereyes@mcdonald-drake.info', 7, 3),
	('martin03@hotmail.com', 5, 2.5),
	('martin03@hotmail.com', 6, 1.5),
	('martin03@hotmail.com', 8, 2),
	('jessicamurray@gmail.com', 9, 1.5),
	('jessicamurray@gmail.com', 30, 1),
	('jessicamurray@gmail.com', 12, 2.5),
	('jessicamurray@gmail.com', 2, 1),
	('andersonlisa@hall.biz', 14, 2.5),
	('andersonlisa@hall.biz', 26, 1.5),
	('andersonlisa@hall.biz', 5, 1),
	('ygolden@cervantes.com', 29, 0.25),
	('ygolden@cervantes.com', 13, 0.5),
	('ygolden@cervantes.com', 31, 0.75),
	('ygolden@cervantes.com', 12, 2.5),
	('walvarez@hotmail.com', 4, 0.5),
	('walvarez@hotmail.com', 26, 2),
	('walvarez@hotmail.com', 6, 0.25),
	('walvarez@hotmail.com', 9, 0.25),
	('walvarez@hotmail.com', 15, 3),
	('zberger@casey.info', 25, 0.5),
	('zberger@casey.info', 1, 3),
	('jeffjones@johnson-gomez.com', 1, 1),
	('jeffjones@johnson-gomez.com', 13, 0.5),
	('jeffjones@johnson-gomez.com', 7, 2),
	('jeffjones@johnson-gomez.com', 21, 0.75),
	('murillosheila@sellers-dunn.com', 30, 2),
	('murillosheila@sellers-dunn.com', 9, 3),
	('murillosheila@sellers-dunn.com', 20, 2),
	('charles91@sandoval.com', 1, 1),
	('charles91@sandoval.com', 29, 1),
	('charles91@sandoval.com', 2, 0.75),
	('charles91@sandoval.com', 8, 0.25),
	('charles91@sandoval.com', 10, 3),
	('nicholas51@hotmail.com', 24, 1),
	('cheryl94@alexander-mcbride.biz', 28, 2.5),
	('cheryl94@alexander-mcbride.biz', 31, 3),
	('cheryl94@alexander-mcbride.biz', 21, 2.5),
	('cheryl94@alexander-mcbride.biz', 22, 0.25),
	('christinebarnes@conner.com', 28, 2),
	('christinebarnes@conner.com', 11, 2.5),
	('christinebarnes@conner.com', 1, 0.75),
	('christinebarnes@conner.com', 13, 0.25),
	('christinebarnes@conner.com', 12, 2),
	('dawn32@yahoo.com', 21, 0.5),
	('dawn32@yahoo.com', 24, 3),
	('dawn32@yahoo.com', 17, 2.5),
	('dawn32@yahoo.com', 30, 0.5),
	('dawn32@yahoo.com', 26, 0.25),
	('zachary08@hotmail.com', 5, 0.75),
	('zachary08@hotmail.com', 19, 2),
	('mclayton@yahoo.com', 30, 1.5),
	('mclayton@yahoo.com', 29, 3),
	('mclayton@yahoo.com', 26, 2),
	('mclayton@yahoo.com', 23, 2.5),
	('wwade@santiago.com', 12, 0.25),
	('wwade@santiago.com', 30, 0.75),
	('wwade@santiago.com', 19, 0.75),
	('wwade@santiago.com', 11, 1),
	('wwade@santiago.com', 23, 1),
	('elopez@sherman.com', 9, 0.75),
	('elopez@sherman.com', 10, 0.75),
	('elopez@sherman.com', 24, 1),
	('elopez@sherman.com', 31, 0.75),
	('elopez@sherman.com', 19, 2.5),
	('ttorres@bentley-bell.com', 11, 2.5),
	('ttorres@bentley-bell.com', 22, 0.5),
	('ttorres@bentley-bell.com', 27, 0.5),
	('ttorres@bentley-bell.com', 2, 2),
	('ttorres@bentley-bell.com', 12, 3),
	('zgibson@hotmail.com', 18, 0.5),
	('zgibson@hotmail.com', 31, 1.5),
	('tiffanychung@gmail.com', 16, 3),
	('tiffanychung@gmail.com', 5, 0.5),
	('bill76@yahoo.com', 14, 2),
	('bill76@yahoo.com', 12, 0.5),
	('bill76@yahoo.com', 22, 1.5),
	('bill76@yahoo.com', 4, 0.5),
	('bill76@yahoo.com', 2, 1),
	('vgarcia@shelton-morales.com', 13, 2),
	('vgarcia@shelton-morales.com', 22, 2),
	('vgarcia@shelton-morales.com', 15, 0.5),
	('donnabenjamin@curtis.com', 28, 2.5),
	('donnabenjamin@curtis.com', 19, 0.5),
	('richard79@merritt.org', 17, 1),
	('richard79@merritt.org', 6, 0.75),
	('richard79@merritt.org', 19, 2),
	('richard79@merritt.org', 18, 0.75),
	('ericorozco@lopez.com', 13, 1),
	('ericorozco@lopez.com', 28, 2),
	('ismith@gmail.com', 13, 0.5),
	('ismith@gmail.com', 20, 3),
	('garrisonjeanette@hall.com', 2, 1.5),
	('garrisonjeanette@hall.com', 20, 3),
	('garrisonjeanette@hall.com', 1, 1),
	('carpenterroy@gomez-hester.org', 31, 2.5),
	('carpenterroy@gomez-hester.org', 20, 1.5),
	('carpenterroy@gomez-hester.org', 29, 1),
	('carpenterroy@gomez-hester.org', 22, 3),
	('oruiz@yahoo.com', 31, 0.75),
	('oruiz@yahoo.com', 2, 0.5),
	('maria78@hotmail.com', 8, 1.5),
	('maria78@hotmail.com', 26, 1.5),
	('maria78@hotmail.com', 3, 0.5),
	('maria78@hotmail.com', 2, 2.5),
	('maria78@hotmail.com', 21, 3),
	('deborah45@marsh.org', 10, 0.5),
	('lisabaker@mckee.biz', 16, 2),
	('lisabaker@mckee.biz', 27, 0.25),
	('lisabaker@mckee.biz', 24, 0.5),
	('jsmith@bryant-ali.com', 12, 1.5),
	('jsmith@bryant-ali.com', 11, 2.5),
	('jsmith@bryant-ali.com', 8, 1),
	('jsmith@bryant-ali.com', 21, 3),
	('jsmith@bryant-ali.com', 3, 2.5),
	('johnsonmatthew@yahoo.com', 24, 2),
	('johnsonmatthew@yahoo.com', 28, 2),
	('johnsonmatthew@yahoo.com', 22, 2.5),
	('johnsonmatthew@yahoo.com', 29, 0.25),
	('johnsonmatthew@yahoo.com', 15, 2.5),
	('thomasjonathan@gmail.com', 1, 1.5),
	('thomasjonathan@gmail.com', 9, 2.5),
	('thomasjonathan@gmail.com', 10, 2.5),
	('thomasjonathan@gmail.com', 3, 2),
	('tnelson@hunter.com', 2, 1.5),
	('tnelson@hunter.com', 6, 0.75),
	('cferrell@perez.info', 10, 3),
	('cferrell@perez.info', 22, 1),
	('cferrell@perez.info', 5, 3);